Name,Year,Status,Birth Date,Birth Place,Gender,Alma Mater,Military Rank,Military Branch,Space Flights,Space Flight (hr),Space Walks,Space Walks (hr),Missions,Death Date,Death Mission,Country
Joseph M. Acaba,2004.0,Active,5/17/1967,"Inglewood, CA",Male,University of California-Santa Barbara; University of Arizona,,,3,3307,3.0,19.0,"STS-119 (Discovery), Soyuz TMA-04M, Soyuz MS-06",,,USA
Loren W. Acton,,Retired,3/7/1936,"Lewiston, MT",Male,Montana State University; University of Colorado,,,1,190,0.0,0.0,STS-51-F (Challenger),,,USA
James C. Adamson,1984.0,Retired,3/3/1946,"Warsaw, NY",Male,US Military Academy; Princeton University,Colonel,US Army (Retired),2,334,0.0,0.0,"STS-28 (Columbia), STS-43 (Atlantis)",,,USA
Thomas D. Akers,1987.0,Retired,5/20/1951,"St. Louis, MO",Male,University of Missouri-Rolla,Colonel,US Air Force (Retired),4,814,4.0,29.0,"STS-41 (Discovery), STS-49 (Endeavor), STS-61 (Endeavor), STS-79 (Atlantis)",,,USA
Buzz Aldrin,1963.0,Retired,1/20/1930,"Montclair, NJ",Male,US Military Academy; MIT,Colonel,US Air Force (Retired),2,289,2.0,8.0,"Gemini 12, Apollo 11",,,USA
Andrew M. Allen,1987.0,Retired,8/4/1955,"Philadelphia, PA",Male,Villanova University; University of Florida,Lieutenant Colonel,US Marine Corps (Retired),3,906,0.0,0.0,"STS-46 (Atlantis), STS-62 (Columbia), STS-75 (Columbia)",,,USA
Joseph P. Allen,1967.0,Retired,6/27/1937,"Crawsfordsville, IN",Male,DePauw University; Yale University,,,2,313,2.0,12.0,"ST-5 (Columbia), STS-51-A (Discovery)",,,USA
Scott D. Altman,1995.0,Retired,8/15/1959,"Lincoln, IL",Male,University of Illinois; US Naval Postgraduate School,Captain,US Navy (Retired),4,1236,0.0,0.0,"STS-90 (Columbia), STS-106 (Atlantis), STS-109 (Columbia), STS-125 (Atlantis)",,,USA
William A. Anders,1963.0,Retired,10/17/1933,Hong Kong,Male,US Naval Academy; Air Force Institute of Technology,Major General,US Air Force Reserves (Retired),1,147,0.0,0.0,Apollo 8,,,USA
Clayton C. Anderson,1998.0,Retired,2/23/1959,"Omaha, NE",Male,Hastings College; Iowa State University,,,2,4005,6.0,38.0,"STS-117 (Atlantis), STS-131 (Discovery)",,,USA
Michael P. Anderson,1995.0,Deceased,12/25/1959,"Plattsburgh, NY",Male,University of Washington; Creighton University,Lieutenant Colonel,US Air Force,2,594,0.0,0.0,"STS-89 (Endeavor), STS-107 (Columbia)",2/1/2003,STS-107 (Columbia),USA
Dominic A. Antonelli,2000.0,Active,8/23/1967,"Detroit, MI",Male,MIT; University of Washington,Commander,US Navy,2,579,0.0,0.0,"STS-119 (Discovery), STS-132 (Atlantis)",,,USA
Jerome Apt III ,1985.0,Retired,4/18/1949,"Springfield, MA",Male,Harvard University; MIT,,,4,847,2.0,11.0,"STS-37 (Atlantis), STS-47 (Endeavor), STS-59 (Endeavor), STS-79 (Atlantis)",,,USA
Lee J. Archambault,1998.0,Retired,8/25/1960,"Oak Park, IL",Male,University of Illinois-Urbana,Colonel,US Air Force,2,639,0.0,0.0,"STS-117 (Atlantis), STS-119 (Discovery)",,,USA
Neil A. Armstrong,1962.0,Deceased,8/5/1930,"Wapakoneta, OH",Male,Purdue University; University of Southern California,,,2,205,1.0,2.0,"Gemini 8, Apollo 11",8/25/2012,,USA
Richard R. Arnold II ,2004.0,Active,11/26/1963,"Cheverly, MD",Male,Frostburg State University; University of Maryland,,,1,307,2.0,12.0,STS-119 (Discovery),,,USA
Jeffrey S. Ashby,1995.0,Retired,6/1/1954,"Dallas, TX",Male,University of Idaho; University of Tennessee,Captain,US Navy (Retired),3,655,0.0,0.0,"STS-93 (Columbia), STS-100 (Endeavor), STS-112 (Atlantis)",,,USA
Serena M. Aunon,2009.0,Active,4/9/1976,"Indianapolis, IN",Female,George Washington University; University of Texas,,,0,0,0.0,0.0,,,,USA
James P. Bagian,1980.0,Retired,2/22/1952,"Philadelphia, PA",Male,Drexel University; Thomas Jefferson University,,,2,337,0.0,0.0,"STS-29 (Discovery), STS-40 (Columbia)",,,USA
Ellen S. Baker,1984.0,Retired,4/27/1953,"Fayettesville, NC",Female,State University of New York-Buffalo; Cornell University; University of Texas,,,3,686,0.0,0.0,"STS-34 (Atlantis), STS-50 (Columbia), STS-71 (Atlantis)",,,USA
Michael A. Baker,1985.0,Management,10/27/1953,"Memphis, TN",Male,University of Texas,Captain,US Navy (Retired),4,965,0.0,0.0,"STS-43 (Atlantis), STS-52 (Columbia), STS-68 (Endeavor), STS-81 (Atlantis)",,,USA
Michael R. Barratt,2000.0,Active,4/16/1959,"Vancouver, WA",Male,University of Washington; Northwestern University; Wright State University,,,2,5075,1.0,5.0,"Soyuz TMA-14, STS-133 (Discovery)",,,USA
Daniel T. Barry,1992.0,Retired,12/30/1953,"Norwalk, CT",Male,Cornell University; Princeton University; University of Miami,,,3,733,4.0,26.0,"STS-72 (Endeavor), STS-96 (Discovery), STS-105 (Discovery)",,,USA
John-David F. Bartoe,,Retired,11/17/1944,"Abington, PA",Male,Lehigh University; Georgetown University,,,1,190,0.0,0.0,STS-51-F (Challenger),,,USA
Charles A. Bassett II ,1963.0,Deceased,12/30/1931,"Dayton, OH",Male,Texas Technological College,Captain,US Air Force,0,0,0.0,0.0,,2/28/1966,,USA
Alan L. Bean,1963.0,Retired,3/15/1932,"Wheeler, TX",Male,University of Texas,Captain,US Navy (Retired),2,1671,3.0,10.0,"Apollo 12, Skylab 3",,,USA
Robert L. Behnken,2000.0,Active,7/28/1970,"Creve Couer, MO",Male,Washington University; California Institute of Technology,Colonel,US Air Force,2,708,6.0,37.0,"STS-123 (Endeavor), STS-130 (Endeavor)",,,USA
John E. Blaha,1980.0,Retired,8/26/1942,"San Antonio, TX",Male,US Air Force Academy; Purdue University,Colonel,US Air Force (Retired),5,3861,0.0,0.0,"STS-29 (Discovery), STS-33 (Discovery), STS-43 (Atlantis), STS-58 (Columbia), STS-79 (Atlantis)",,,USA
Michael J. Bloomfield,1995.0,Retired,3/16/1959,"Flint, MI",Male,US Air Force Academy; Old Dominion University,Colonel,US Air Force (Retired),3,779,0.0,0.0,"STS-86 (Atlantis), STS-97 (Endeavor), STS-110 (Atlantis)",,,USA
Guion S. Bluford,1978.0,Retired,11/22/1942,"Philadelphia, PA",Male,Pennsylvania State University; Air Force Institute of Technology; University of Houston-Clear Lake,Colonel,US Air Force (Retired),4,689,0.0,0.0,"STS-8 (Challenger), STS-61-A (Challenger), STS-39 (Discovery), STS-53 (Discovery)",,,USA
Karol J. Bobko,1969.0,Retired,12/23/1937,"New York, NY",Male,US Air Force Academy; University of Southern California,Colonel,US Air Force (Retired),3,386,0.0,0.0,"STS-6 (Challenger), STS-51-D (Discovery), STS-51-J (Atlantis)",,,USA
Eric A. Boe,2000.0,Active,10/1/1964,"Miami, FL",Male,US Air Force Academy; Georgia Institute of Technology,Colonel,US Air Force,2,687,0.0,0.0,"STS-126 (Endeavor), STS-133 (Discovery)",,,USA
Charles F. Bolden,1980.0,Management,8/19/1946,"Columbia, SC",Male,US Naval Academy; University of Southern California,Major General,US Marine Corps (Retired),4,680,0.0,0.0,"STS-61C (Columbia), STS-31 (Discovery), STS-45 (Atlantis), STS-60 (Discovery)",,,USA
Frank Borman,1962.0,Retired,3/14/1928,"Gary, IN",Male,US Military Academy; California Institute of Technology,Colonel,US Air Force (Retired),2,477,0.0,0.0,"Gemini 7, Apollo 8",,,USA
Stephen G. Bowen,2000.0,Active,2/13/1964,"Cohasset, MA",Male,US Naval Academy; MIT,Captain,US Navy,3,970,7.0,47.0,"STS-126 (Endeavor), STS-132 (Atlantis), STS-133 (Discovery)",,,USA
Kenneth D. Bowersox,1987.0,Retired,11/14/1956,"Portsmouth, VA",Male,US Naval Academy; Columbia University,Captain,US Navy (Retired),5,5078,2.0,13.0,"STS-50 (Columbia), STS-61 (Endeavor), STS-73 (Columbia), STS-82 (Discovery), STS-113 (Endeavor)",,,USA
Charles E. Brady,1992.0,Deceased,8/12/1951,"Pinehurst, NC",Male,University of North Carolina at Chapel Hill; Duke University,Captain,US Navy,1,405,0.0,0.0,STS-78 (Columbia),7/23/2006,,USA
Vance D. Brand,1966.0,Retired,5/9/1931,"Longmont, CA",Male,University of Colorado; University of California Los Angeles,,US Marine Corps Reserves,4,752,0.0,0.0,"Apollo-Soyuz, STS-5 (Columbia), STS-41-B (Challenger), STS-35 (Columbia)",,,USA
Daniel C. Brandenstein,1978.0,Retired,1/17/1943,"Watertown, WI",Male,University of Wisconsin,Captain,US Navy (Retired),4,789,0.0,0.0,"STS-8 (Challenger), STS-51-G (Discovery), STS-32 (Columbia), STS-49 (Endeavor)",,,USA
Randolph Bresnik,2004.0,Active,9/11/1967,"Fort Knox, KY",Male,The Citadel; University of Tennessee-Knoxville,Colonel,US Marine Corps,2,3588,5.0,32.0,"STS-129 (Atlantis), Soyuz MS-05",,,USA
Roy D. Bridges,1980.0,Retired,7/19/1943,"Atlanta, GA",Male,US Air Force Academy; Purdue University,Major General,US Air Force (Retired),1,190,0.0,0.0,STS-51-F (Challenger),,,USA
Curtis L. Brown,1987.0,Retired,3/11/1956,"Elizabethtown, NC",Male,US Air Force Academy,Colonel,US Air Force (Retired),6,1383,0.0,0.0,"STS-47 (Endeavor), STS-66 (Atlantis), STS-77 (Endeavor), STS-85 (Discovery), STS-95 (Discovery), STS-103 (Discovery)",,,USA
David M. Brown,1996.0,Deceased,4/16/1956,"Arlington, VA",Male,College of William & Mary; Eastern Virginia Medical School,Captain,US Navy,1,382,0.0,0.0,STS-107 (Columbia),2/1/2003,STS-107 (Columbia),USA
Mark N. Brown,1984.0,Retired,11/18/1951,"Valparaiso, IN",Male,Purdue University; Air Force Institute of Technology,Colonel,US Air Force (Retired),2,249,0.0,0.0,"STS-28 (Columbia), STS-48 (Discovery)",,,USA
James F. Buchli,1978.0,Retired,6/20/1945,"New Rockford, ND",Male,US Naval Academy; University of West Florida,Colonel,US Marine Corps (Retired),4,490,0.0,0.0,"STS-51-C (Discovery), STS-61-A (Challenger), STS-29 (Discovery), STS-48 (Discovery",,,USA
Jay Clark Buckey,,Retired,6/6/1956,"New York, NY",Male,Cornell University,,,1,381,0.0,0.0,STS-90 (Columbia),,,USA
John S. Bull,1966.0,Deceased,9/25/1934,"Memphis, TN",Male,Rice University; Stanford University,,,0,0,0.0,0.0,,8/11/2008,,USA
Daniel C. Burbank,1996.0,Active,7/27/1961,"Machester, CT",Male,US Coast Guard Academy; Embry-Riddle Aeronautical University,Captain,US Coast Guard (Retired),3,4512,1.0,7.0,"STS-106 (Atlantis), STS-115 (Atlantis), Soyuz TMA-22",,,USA
Daniel W. Bursch,1990.0,Retired,7/25/1957,"Bristol, PA",Male,US Naval Academy; US Naval Postgraduate School,Captain,US Navy (Retired),4,5446,2.0,12.0,"STS-51 (Discovery), STS-68 (Endeavor), STS-77 (Endeavor), STS-108 (Endeavor)",,,USA
Robert D. Cabana,1985.0,Management,1/23/1949,"Minneapolis, MN",Male,US Naval Academy,Colonel,US Marine Corps (Retired),4,910,0.0,0.0,"STS-41 (Discovery), STS-53 (Discovery), STS-65 (Columbia), STS-88 (Endeavor)",,,USA
Yvonne D. Cagle,1996.0,Management,4/24/1959,"West Point, NY",Female,San Francisco State University,Colonel,US Air Force,0,0,0.0,0.0,,,,USA
Fernando Caldeiro,1996.0,Deceased,6/12/1958,"Buenos Aires, Argentina",Male,University of Arizona; University of Central Florida,,,0,0,0.0,0.0,,10/3/2009,,USA
Tracy E. Caldwell Dyson,1998.0,Active,8/14/1969,"Arcadia, CA",Female,California State University-Fullerton; University of California-Davis,,,2,4531,3.0,23.0,"STS-118 (Endeavor), Soyuz TMA-18",,,USA
Charles J. Camarda,1996.0,Management,5/8/1952,"Queens, NY",Male,Polytechnic Institute of Brooklyn; George Washington University; Virginia Polytechnic Institute,,,1,333,0.0,0.0,STS-114 (Discovery),,,USA
Kenneth D. Cameron,1984.0,Retired,11/29/1949,"Cleveland, OH",Male,MIT; Michigan State University,Colonel,US Marine Corps (Retired),3,562,0.0,0.0,"STS-37 (Atlantis), STS-56 (Discovery), STS-74 (Atlantis)",,,USA
Duane G. Carey,1996.0,Retired,4/30/1957,"St. Paul, MN",Male,University of Minnesota-Minneapolis,Lieutenant Colonel,US Air Force (Retired),1,262,0.0,0.0,STS-109 (Columbia),,,USA
M. Scott Carpenter,1959.0,Retired,5/1/1925,"Boulder, CO",Male,University of Colorado,Commander,US Navy (Retired),1,4,0.0,0.0,Mercury 7,,,USA
Gerald P. Carr,1966.0,Retired,8/22/1932,"Denver, CO",Male,University of Southern California; US Naval Postgraduate School; Princeton University,Colonel,US Marine Corps (Retired),1,2017,3.0,16.0,Skylab 4,,,USA
Manley Lanier Carter,1984.0,Deceased,8/15/1947,"Macon, GA",Male,Emory University,Captain,US Navy,1,120,0.0,0.0,STS-33 (Discovery),4/5/1991,,USA
John H. Casper,1984.0,Management,7/9/1943,"Greenville, SC",Male,US Air Force Academy; Purdue University,Colonel,US Air Force (Retired),4,825,0.0,0.0,"STS-36 (Atlantis), STS-54 (Endeavor), STS-62 (Columbia), STS-77 (Endeavor)",,,USA
Christopher J. Cassidy,2004.0,Active,1/4/1970,"Salem, MA",Male,US Naval Academy; MIT,Commander,US Navy,1,4376,6.0,31.0,"STS-127 (Endeavor), Soyuz TMA-08M",,,USA
Robert Cenker,,Retired,11/5/1948,"Uniontown, PA",Male,Pennsylvania State University; Rutgers University,,,1,146,0.0,0.0,STS-61-C (Columbia),,,USA
Eugene A. Cernan,1963.0,Retired,3/14/1934,"Chicago, IL",Male,Purdue University; US Naval Postgraduate School,Captain,US Navy (Retired),3,566,4.0,24.0,"Gemini 9, Apollo 10, Apollo 17",,,USA
Roger B. Chaffee,1963.0,Deceased,2/15/1935,"Grand Rapids, MI",Male,Purdue University,Lieutenant Commander,US Navy,1,0,0.0,0.0,Apollo 1,1/27/1967,Apollo 1,USA
Gregory E. Chamitoff,1998.0,Active,8/6/1962,"Montreal, Canada",Male,California Polytechnic State University; California Institute of Technology; MIT,,,2,4770,2.0,13.0,"STS-124 (Discovery), STS-134 (Endeavor)",,,USA
Franklin R. Chang-Diaz,1980.0,Retired,4/5/1950,"San Jose, Costa Rica",Male,University of Connecticut; MIT,,,7,1602,3.0,19.0,"STS-61-C (Columbia), STS-34 (Atlantis), STS-46 (Atlantis), STS-60 (Discovery), STS-75 (Columbia), STS-91 (Discovery), STS-111 (Endeavor)",,,USA
Philip K. Chapman,1967.0,Retired,3/5/1935,"Melbourne, Australia",Male,University of Sydney; MIT,,,0,0,0.0,0.0,,,,USA
Kalpana Chawla,1995.0,Deceased,6/1/1961,"Karnal, India",Female,Punjab Engineering College; University of Texas-Arlington; University of Colorado,,,2,734,0.0,0.0,"STS-87 (Columbia), STS-107 (Columbia)",2/1/2003,STS-107 (Columbia),USA
Leroy Chiao,1990.0,Retired,8/28/1960,"Milwaukee, WI",Male,University of California-Berkeley; University of California-Santa Barbara,,,4,5503,6.0,36.0,"STS-65 (Columbia), STS-72 (Endeavor), STS-92 (Discovery), Soyuz TMA-5",,,USA
Kevin P. Chilton,1987.0,Retired,3/11/1954,"Los Angeles, CA",Male,US Air Force Academy; Columbia University,Brigadier General,US Air Force (Retired),3,700,0.0,0.0,"STS-49 (Endeavor), STS-59 (Endeavor), STS-76 (Atlantis)",,,USA
Laurel B. Clark,1996.0,Deceased,3/10/1961,"Ames, IA",Female,University of Wisconsin-Madison,Captain,US Navy,1,382,0.0,0.0,STS-107 (Columbia),2/1/2003,STS-107 (Columbia),USA
Mary L. Cleave,1980.0,Retired,2/5/1947,"Southampton, NY",Female,Colorado State University; Utah State University,,,2,262,0.0,0.0,"STS-61-B (Atlantis), STS-30 (Atlantis)",,,USA
Michael R. Clifford,1990.0,Retired,10/13/1952,"San Bernardino, CA",Male,US Military Academy; Georgia Institute of Technology,Lieutenant Colonel,US Army (Retired),3,666,1.0,6.0,"STS-53 (Discovery), STS-59 (Endeavor), STS-76 (Atlantis)",,,USA
Michael L. Coats,1978.0,Retired,1/16/1946,"Sacramento, CA",Male,US Naval Academy; George Washington University; US Naval Postgraduate School,Captain,US Navy (Retired),3,463,0.0,0.0,"STS-41-D (Discovery), STS-29 (Discovery), STS-39 (Discovery)",,,USA
Kenneth D. Cockrell,1990.0,Management,4/9/1950,"Austin, TX",Male,University of Texas; University of West Florida,,US Naval Reserves,5,1548,0.0,0.0,"STS-56 (Discovery), STS-69 (Endeavor), STS-80 (Columbia), STS-98 (Atlantis), STS-111 (Endeavor)",,,USA
Catherine G. Coleman,1992.0,Active,12/14/1960,"Charleston, SC",Female,MIT; University of Massachusetts,Colonel,US Air Force (Retired),3,4324,0.0,0.0,"STS-73 (Columbia), STS-93 (Columbia), Soyuz TMA-20",,,USA
Eileen M. Collins,1990.0,Retired,11/19/1959,"Elmira, NY",Female,Syracuse University; Stanford University; Webster University,Colonel,US Air Force (Retired),4,890,0.0,0.0,"STS-63 (Discovery), STS-84 (Atlantis), STS-114 (Columbia), STS-93 (Discovery)",,,USA
Michael Collins,1963.0,Retired,10/31/1930,"Rome, Italy",Male,US Military Academy,,US Air Force Reserves,2,266,1.0,1.0,"Gemini 10, Apollo 11",,,USA
Charles Conrad,1962.0,Deceased,5/2/1930,"Philadelphia, PA",Male,Princeton University,Captain,US Navy (Retired),4,1179,4.0,12.0,"Gemini 5, Gemini 11, Apollo 12, Skylab 2",7/8/1999,,USA
L. Gordon Cooper,1959.0,Deceased,3/6/1927,"Shawnee, OK",Male,Air Force Institute of Technology,Colonel,US Air Force (Retired),2,225,0.0,0.0,"Mercury 9, Gemini 5",10/4/2004,,USA
Richard O. Covey,1978.0,Retired,8/1/1946,"Fayetteville, AR",Male,US Air Force Academy; Purdue University,Colonel,US Air Force (Retired),4,645,0.0,0.0,"STS-51-l (Discovery), STS-26 (Discovery), STS-38 (Atlantis), STS-61 (Endeavor)",,,USA
Timothy J. Creamer,1998.0,Management,11/15/1959,"Ft. Huachuca, AZ",Male,Loyola College; MIT,Colonel,US Army (Retired),1,3917,0.0,0.0,Soyuz TMA-17,,,USA
John O. Creighton,1978.0,Retired,4/28/1943,"Orange, TX",Male,US Naval Academy; George Washington University,Captain,US Navy (Retired),3,404,0.0,0.0,"STS-51-G (Discovery), STS-36 (Atlantis), STS-48 (Discovery)",,,USA
Robert L. Crippen,1969.0,Retired,9/11/1937,"Beaumont, TX",Male,University of Texas,Captain,US Navy (Retired),4,565,0.0,0.0,"STS-1 (Columbia), STS-7 (Challenger), STS-41-C (Challenger), STS-41-G (Challenger)",,,USA
Roger K. Crouch,,Retired,9/12/1940,"Jamestown, TN",Male,Tennessee Polytechnic Institute; Virginia Polytechnic Institute,,,1,471,0.0,0.0,"STS-83 (Columbia), STS-94 (Columbia)",,,USA
Frank L. Culbertson,1984.0,Retired,5/15/1949,"Charleston, SC",Male,US Naval Academy,Captain,US Navy (Retired),3,3446,1.0,5.0,"STS-38 (Atlantis), STS-51 (Discovery), STS-105 (Discovery)",,,USA
Walter Cunningham,1963.0,Retired,3/16/1932,"Creston, IA",Male,University of California-Los Angeles,Colonel,US Marine Corps Reserves,1,260,0.0,0.0,Apollo 7,,,USA
Robert L. Curbeam,1995.0,Retired,3/5/1962,"Baltimore, MD",Male,US Naval Academy; US Naval Postgraduate School,Captain,US Navy (Retired),3,902,7.0,45.0,"STS-85 (Discovery), STS-98 (Atlantis), STS-116 (Discovery)",,,USA
Nancy J. Currie,1990.0,Management,12/29/1958,"Wilmington, DE",Female,Ohio State University; University of Southern California; University of Houston,Colonel,US Army (Retired),4,999,0.0,0.0,"STS-57 (Endeavor), STS-70 (Discovery), STS-88 (Endeavor), STS-109 (Columbia)",,,USA
N. Jan Davis,1987.0,Retired,11/1/1953,"Cocoa Beach, FL",Female,Georgia Institute of Technology; Auburn University; University of Alabama-Huntsville,,,3,673,0.0,0.0,"STS-47 (Endeavor), STS-60 (Discovery), STS-85 (Discovery)",,,USA
Lawrence J. Delucas,,Retired,7/11/1950,"Syracuse, NY",Male,University of Alabama at Birmingham,,,1,331,0.0,0.0,STS-50 (Columbia),,,USA
Alvin B. Drew,2000.0,Active,11/5/1962,"Washington, DC",Male,US Air Force Academy; Embry-Riddle Aeronautical University,Colonel,US Air Force,2,613,2.0,13.0,"STS-118 (Endeavor), STS-133 (Discovery)",,,USA
Brian Duffy,1985.0,Retired,6/20/1953,"Boston, MA",Male,US Air Force Academy; University of Southern California,Colonel,US Air Force (Retired),4,977,0.0,0.0,"STS-45 (Atlantis), STS-57 (Endeavor), STS-72 (Endeavor), STS-92 (Discovery)",,,USA
Charles M. Duke,1966.0,Retired,10/3/1935,"Charlotte, NC",Male,US Naval Academy; MIT,Brigadier General,US Air Force (Retired),1,265,3.0,20.0,Apollo 16,,,USA
Bonnie J. Dunbar,1980.0,Retired,3/3/1949,"Sunnyside, WA",Female,University of Washington; University of Houston,,,5,1207,0.0,0.0,"STS-61-A (Challenger), STS-32 (Columbia), STS-50 (Columbia), STS-71 (Atlantis), STS-89 (Endeavor)",,,USA
Samuel T. Durrance,,Retired,9/17/1943,"Tallahassee, FL",Male,California State University; University of Colorado,,,2,614,0.0,0.0,"STS-35 (Columbia), STS-67 (Endeavor)",,,USA
James P. Dutton,2004.0,Management,11/20/1968,"Eugene, OR",Male,US Air Force Academy; University of Washington,Colonel,US Air Force,1,362,0.0,0.0,STS-131 (Discovery),,,USA
Joe F. Edwards,1995.0,Retired,2/3/1958,"Richmond, VA",Male,US Naval Academy; University of Tennessee-Knoxville,Commander,US Navy (Retired),1,211,0.0,0.0,STS-89 (Endeavor),,,USA
Donn F. Eisele,1963.0,Deceased,5/23/1930,"Columbus, OH",Male,US Naval Academy; US Air Force Institute of Technology,Colonel,US Air Force (Retired),1,260,0.0,0.0,Apollo 7,12/2/1987,,USA
Anthony W. England,1967.0,Retired,5/15/1942,"Indianapolis, IN",Male,MIT,,,1,190,0.0,0.0,STS-51-F (Challenger),,,USA
Joe H. Engle,1966.0,Retired,8/26/1932,"Dickinson, KS",Male,University of Kansas,Major General,US Air Force (Retired),2,224,0.0,0.0,"STS-2 (Columbia), STS-51-I (Discovery)",,,USA
Jeanette J. Epps,2009.0,Active,11/3/1970,"Syracuse, NY",Female,LeMoyne College; University of Maryland,,,0,0,0.0,0.0,,,,USA
Ronald E. Evans,1966.0,Deceased,11/10/1933,"St. Francis, KS",Male,University of Kansas; US Naval Postgraduate School,Captain,US Navy (Retired),1,301,1.0,1.0,Apollo 17,4/6/1990,,USA
John M. Fabian,1978.0,Retired,1/28/1939,"Goosecreek, TX",Male,Washington State University; US Air Force Institute of Technology; University of Washington,Colonel,US Air Force (Retired),2,316,0.0,0.0,"STS-7 (Challenger), STS-51-G (Discovery)",,,USA
Christopher J. Ferguson,1998.0,Retired,9/1/1961,"Philadelphia, PA",Male,Drexel University; US Naval Postgraduate School,Captain,US Navy (Retired),3,970,0.0,0.0,"STS-115 (Atlantis), STS-126 (Endeavor), STS-135 (Atlantis)",,,USA
Martin J. Fettman,,Retired,12/31/1956,"Brooklyn, NY",Male,Cornell University; Colorado State University,,,1,336,0.0,0.0,STS-58 (Columbia),,,USA
Andrew J. Feustel,2000.0,Active,8/25/1965,"Lancaster, PA",Male,Purdue University; Queen’s University-Canada,,,2,687,6.0,42.0,"STS-125 (Atlantis), STS-134 (Endeavor)",,,USA
E. Michael Fincke,1996.0,Active,3/14/1967,"Pittsburgh, PA",Male,MIT; Stanford University; University of Houston-Clear Lake,Colonel,US Air Force,3,9159,9.0,48.0,"Soyuz TMA-4, Soyuz TMA-13, STS-134 (Endeavor)",,,USA
Jack D. Fischer,2009.0,Active,1/23/1974,"Louisville, CO",Male,US Air Force Academy; MIT,,,1,3258,2.0,6.0,Soyuz MS-04,,,USA
Anna L. Fisher,1978.0,Management,8/24/1949,"New York, NY",Female,University of California-Los Angeles,,,1,191,0.0,0.0,STS-51-A (Discovery),,,USA
William F. Fisher,1980.0,Retired,4/1/1946,"Dallas, TX",Male,Stanford University; University of Houston; University of Florida,,,1,170,2.0,12.0,STS-51-I (Discovery),,,USA
C. Michael Foale,1987.0,Active,1/6/1957,"Louth, England",Male,Cambridge University,,,6,8970,4.0,22.0,"STS-45 (Atlantis), STS-56 (Discovery), STS-63 (Discovery), STS-84 (Atlantis), STS-103 (Discovery), Soyuz TMA-3",,,USA
Kevin A. Ford,2000.0,Active,7/7/1960,"Portland, IN",Male,University of Notre Dame; Troy State University; University of Florida; Air Force Institute of Technology,Colonel,US Air Force (Retired),2,3781,0.0,0.0,"STS-128 (Discovery), Soyuz TMA-06M",,,USA
Michael J. Foreman,1998.0,Management,3/29/1957,"Columbus, OH",Male,US Naval Academy; US Naval Postgraduate School,Captain,US Navy (Retired),2,637,5.0,32.0,"STS-123 (Endeavor), STS-129 (Atlantis)",,,USA
Patrick G. Forrester,1996.0,Management,3/31/1957,"El Paso, TX",Male,US Military Academy; University of Virginia,Colonel,US Army (Retired),3,950,4.0,25.0,"STS-105 (Discovery), STS-117 (Atlantis), STS-128 (Discovery)",,,USA
Michael E. Fossum,1998.0,Active,12/19/1957,"Sioux Falls, SD",Male,Texas A&M University; Air Force Institute of Technology; University of Houston-Clear Lake,,US Air Force Reserves (Retired),3,4651,7.0,48.0,"STS-121 (Discovery), STS-124 (Discovery), Soyuz TMA-02M",,,USA
Theodore C. Freeman,1963.0,Deceased,2/18/1930,"Haversford, PA",Male,US Naval Academy; University of Michigan,Captain,US Air Force,0,0,0.0,0.0,,10/31/1964,,USA
Stephen N. Frick,1996.0,Management,9/30/1961,"Pittsburgh, PA",Male,US Naval Academy; US Naval Postgraduate School,Captain,US Navy (Retired),2,566,0.0,0.0,"STS-110 (Atlantis), STS-122 (Atlantis)",,,USA
C. Gordon Fullerton,1969.0,Retired,10/11/1936,"Rochester, NY",Male,California Institute of Technology,Colonel,US Air Force (Retired),2,382,0.0,0.0,"STS-3 (Columbia), STS-51-F (Challenger)",,,USA
F. Andrew Gaffney,,Retired,6/9/1946,"Carlsbad, NM",Male,University of California-Berkeley; University of New Mexico,,,1,218,0.0,0.0,STS-40 (Columbia),,,USA
Ronald J. Garan,2000.0,Management,10/20/1961,"Yonkers, NY",Male,State University of New York; Embry-Riddle Aeronautical University; University of Florida,Colonel,US Air Force (Retired),2,4271,4.0,27.0,"STS-124 (Discovery), Soyuz TMA-21",,,USA
Dale A. Gardner,1978.0,Retired,11/8/1948,"Fairmont, MN",Male,University of Illinois,Captain,US Navy (Retired),2,336,2.0,12.0,"STS-8 (Challenger), STS-51-A (Discovery)",,,USA
Guy S. Gardner,1980.0,Retired,1/6/1948,"Alta Vista, VA",Male,US Air Force Academy; Purdue University,Colonel,US Air Force (Retired),2,320,0.0,0.0,"STS-27 (Atlantis), STS-35 (Columbia)",,,USA
Jake Garn,,Retired,10/12/1932,Richfield. UT,Male,University of Utah,,,1,167,0.0,0.0,STS-51-D (Discovery),,,USA
Owen K. Garriott,1965.0,Retired,11/22/1930,"Enid, OK",Male,University of Oklahoma; Stanford University,,,2,1674,3.0,14.0,"Skylab 3, STS-9 (Columbia)",,,USA
Charles D. Gemar,1985.0,Retired,8/4/1955,"Yanktown, SD",Male,US Military Academy,Lieutenant Colonel,US Army,3,581,0.0,0.0,"STS-38 (Atlantis), STS-48 (Discovery), STS-62 (Columbia)",,,USA
Michael L. Gernhardt,1992.0,Management,5/4/1956,"Mansfield, OH",Male,Vanderbilt University; University of Pennsylvania,,,4,1039,4.0,23.0,"STS-69 (Endeavor), STS-83 (Columbia), STS-94 (Columbia), STS-104 (Atlantis)",,,USA
Edward G. Gibson,1965.0,Retired,11/8/1936,"Buffalo, NY",Male,University of Rochester; California Institute of Technology,,,1,2017,3.0,15.0,Skylab 4,,,USA
Robert L. Gibson,1978.0,Retired,10/30/1946,"Cooperstown, NY",Male,California Polytechnic Institute,Captain,US Navy (Retired),5,868,0.0,0.0,"STS-41-B (Challenger), STS-61-C (Columbia), STS-27 (Atlantis), STS-47 (Endeavor), STS-71 (Atlantis)",,,USA
Edward G. Givens,1966.0,Deceased,1/5/1930,"Quanah, TX",Male,US Naval Academy,Major,US Air Force,0,0,0.0,0.0,,6/6/1967,,USA
John H. Glenn,1959.0,Retired,7/18/1921,"Cambridge, OH",Male,Muskingum College,Colonel,US Marine Corps (Retired),2,218,0.0,0.0,"Mercury 6, STS-95 (Discovery)",,,USA
Linda M. Godwin,1985.0,Retired,7/2/1952,"Cape Girardeau, MO",Female,Southeast Missouri State; University of Missouri,,,4,918,2.0,10.0,"STS-37 (Atlantis), STS-59 (Endeavor), STS-76 (Atlantis), STS-108 (Endeavor)",,,USA
Michael T. Good,2000.0,Management,10/13/1962,"Parma, OH",Male,University of Notre Dame,Colonel,US Air Force (Retired),2,592,4.0,30.0,"STS-125 (Atlantis), STS-132 (Atlantis)",,,USA
Richard F. Gordon,1963.0,Retired,10/5/1929,"Seattle, WA",Male,University of Washington,Captain,US Navy (Retired),2,315,1.0,0.5,"Gemini 11, Apollo 12",,,USA
Dominic L. Gorie,1995.0,Retired,5/2/1957,"Lake Charles, LA",Male,US Naval Academy; University of Tennessee,Captain,US Navy (Retired),4,1167,0.0,0.0,"STS-91 (Discovery), STS-99 (Endeavor), STS-123 (Endeavor), STS-108 (Endeavor)",,,USA
Ronald J. Grabe,1980.0,Retired,6/13/1945,"New York, NY",Male,US Air Force Academy,Colonel,US Air Force (Retired),4,627,0.0,0.0,"STS-51-J (Atlantis), STS-30 (Atlantis), STS-42 (Discovery), STS-57 (Endeavor)",,,USA
Duane E. Graveline,1965.0,Retired,3/2/1931,"Newport, VT",Male,University of Vermont; Johns Hopkins University,,,0,0,0.0,0.0,,,,USA
Frederick D. Gregory,1978.0,Retired,1/7/1941,"Washington, DC",Male,US Air Force Academy; George Washington University,Colonel,US Air Force (Retired),3,455,0.0,0.0,"STS-51-B (Challenger), STS-33 (Discovery), STS-44 (Atlantis)",,,USA
William G. Gregory,1990.0,Retired,5/14/1957,"Lockport, NY",Male,US Air Force Academy; Columbia University; Troy State University,Lieutenant Colonel,US Air Force,1,399,0.0,0.0,STS-67 (Endeavor),,,USA
S. David Griggs,1978.0,Deceased,9/7/1939,"Portland, OR",Male,US Naval Academy; George Washington University,,,1,167,1.0,3.0,STS-51-D (Discovery),6/17/1989,,USA
Virgil I. Grissom,1959.0,Deceased,4/3/1926,"Mitchell, IN",Male,Purdue University,Lieutenant Colonel,US Air Force,2,5,0.0,0.0,"Mercury 4, Gemini 3, Apollo 1",1/27/1967,Apollo 1,USA
John M. Grunsfeld,1992.0,Management,10/10/1958,"Chicago, IL",Male,MIT; University of Chicago,,,5,1407,8.0,58.0,"STS-67 (Endeavor), STS-81 (Atlantis), STS-103 (Discovery), STS-125 (Atlantis), STS-109 (Columbia)",,,USA
Sidney M. Gutierrez,1984.0,Retired,6/27/1951,"Albuquerque, NM",Male,US Air Force Academy; Webster College,Colonel,US Air Force (Retired),2,488,0.0,0.0,"STS-40 (Columbia), STS-59 (Endeavor)",,,USA
Fred W. Haise,1966.0,Retired,11/14/1933,"Biloxi, MS",Male,University of Oklahoma,,,1,142,0.0,0.0,Apollo 13 ,,,USA
James D. Halsell,1990.0,Retired,9/29/1956,"Monroe, LA",Male,US Air Force Academy; Troy State University; US Air Force Institute of Technology,Colonel,US Air Force (Retired),5,1258,0.0,0.0,"STS-65 (Columbia), STS-74 (Atlantis), STS-83 (Columbia), STS-94 (Columbia), STS-101 (Atlantis)",,,USA
Kenneth T. Ham,1998.0,Retired,12/12/1964,"Plainfield, NJ",Male,US Naval Academy; US Naval Postgraduate School,Captain,US Navy,2,612,0.0,0.0,"STS-124 (Discovery), STS-132 (Atlantis)",,,USA
L. Blaine Hammond,1984.0,Retired,1/16/1952,"Savannah, GA",Male,US Air Force Academy; Georgia Institute of Technology,Colonel,US Air Force (Retired),2,462,0.0,0.0,"STS-39 (Discovery), STS-64 (Discovery)",,,USA
Gregory J. Harbaugh,1987.0,Retired,4/15/1956,"Cleveland, OH",Male,Purdue University; University of Houston-Clear Lake,,,4,817,3.0,18.0,"STS-39 (Discovery), STS-54 (Endeavor), STS-71 (Atlantis), STS-82 (Discovery)",,,USA
Bernard A. Harris,1990.0,Retired,6/26/1956,"Temple, TX",Male,University of Houston; Texas Tech University,,,2,438,1.0,5.0,"STS-55 (Columbia), STS-63 (Discovery)",,,USA
Terry J. Hart,1978.0,Retired,10/27/1946,"Pittsburgh, PA",Male,Lehigh University; MIT; Rutgers University,,,1,167,0.0,0.0,STS-41-C (Challenger),,,USA
Henry W. Hartsfield,1969.0,Retired,11/21/1933,"Birmingham, AL",Male,Auburn University; University of Tennessee,Colonel,US Air Force (Retired),3,482,0.0,0.0,"STS-4 (Columbia), STS-41-D (Discovery), STS-61-A (Challenger)",,,USA
Frederick H. Hauck,1978.0,Retired,4/11/1941,"Long Beach, CA",Male,Tufts University; MIT,Captain,US Navy (Retired),3,435,0.0,0.0,"STS-7 (Challenger), STS-51-A (Discovery), STS-26 (Discovery)",,,USA
Steven A. Hawley,1978.0,Retired,12/12/1951,"Ottawa, KS",Male,University of Kansas; University of California,,,5,770,0.0,0.0,"STS-41-D (Discovery), STS-61-C (Columbia), STS-31 (Discovery), STS-82 (Discovery), STS-93 (Columbia)",,,USA
Susan J. Helms,1990.0,Retired,2/26/1958,"Charlotte, NC",Female,US Air Force Academy; Stanford University,Lieutenant General,US Air Force,5,5063,1.0,9.0,"STS-54 (Endeavor), STS-64 (Discovery), STS-78 (Columbia), STS-101 (Atlantis), STS-102 (Discovery)",,,USA
Karl G. Henize,1967.0,Deceased,10/17/1926,"Cincinnati, OH",Male,University of Virginia; University of Michigan,,,1,190,0.0,0.0,STS-51-F (Challenger),10/5/1993,,USA
Thomas J. Hennen,,Retired,8/17/1952,"Albany, GA",Male,,Chief Warrant Officer,US Army (Retired),1,166,0.0,0.0,STS-44 (Atlantis),,,USA
Terence T. Henricks,1985.0,Retired,7/5/1952,"Bryan, OH",Male,US Air Force Academy; Golden Gate University,Colonel,US Air Force (Retired),4,1026,0.0,0.0,"STS-44 (Atlantis), STS-55 (Columbia), STS-70 (Discovery), STS-78 (Columbia)",,,USA
Jose M. Hernandez,2004.0,Retired,8/7/1962,"French Camp, CA",Male,University of the Pacific; University of California-Santa Barbara,,,1,332,0.0,0.0,STS-128 (Discovery),,,USA
John B. Herrington,1996.0,Retired,9/14/1958,"Wetumka, OK",Male,University of Colorado; US Naval Postgraduate School,Commander,US Navy (Retired),1,330,3.0,20.0,STS-113 (Endeavor),,,USA
Richard J. Hieb,1985.0,Retired,9/21/1955,"Jamestown, ND",Male,Northwest Nazarene College; University of Colorado,,,3,766,3.0,18.0,"STS-39 (Discovery), STS-49 (Endeavor), STS-65 (Columbia)",,,USA
Joan E. Higginbotham,1996.0,Retired,8/3/1964,"Chicago, IL",Female,Southern Illinois University-Carbondale; Florida Institute of Technology,,,1,308,0.0,0.0,STS-116 (Discovery),,,USA
David C. Hilmers,1980.0,Retired,1/28/1950,"Clinton, IA",Male,Cornell University; US Naval Postgraduate School,Colonel,US Marine Corps (Retired),4,494,0.0,0.0,"ST 51-J (Atlantis), STS-26 (Discovery), STS-36 (Atlantis), STS-42 (Discovery)",,,USA
Kathryn P. Hire,1995.0,Management,8/26/1959,"Mobile, AL",Female,US Naval Academy; Florida State Institute of Technology,Captain,US Naval Reserves,2,711,0.0,0.0,"STS-90 (Columbia), STS-130 (Endeavor)",,,USA
Charles O. Hobaugh,1996.0,Retired,11/5/1961,"Bar Harbor, ME",Male,US Naval Academy,Colonel,US Marine Corps (Retired),3,873,0.0,0.0,"STS-104 (Atlantis), STS-118 (Endeavor), ST-129 (Atlantis)",,,USA
Jeffrey A. Hoffman,1978.0,Retired,11/2/1944,"Brooklyn, NY",Male,Amherst College; Rice University; Harvard University,,,5,1211,4.0,25.0,"STS-51-D (Discovery), STS-35 (Columbia), STS-46 (Atlantis), STS-61 (Endeavor), STS-75 (Columbia)",,,USA
Donald L. Holmquest,1967.0,Retired,4/7/1939,"Dallas, TX",Male,Southern Methodist University; Baylor University; University of Houston,,,0,0,0.0,0.0,,,,USA
Michael S. Hopkins,2009.0,Active,12/28/1968,"Lebanon, MO",Male,University of Illinois; Stanford University,Colonel,US Air Force,1,3990,2.0,13.0,Soyuz TMA-10M,,,USA
Scott J. Horowitz,1992.0,Retired,3/24/1957,"Philadelphia, PA",Male,California State University-Northridge; Georgia Institute of Technology,Colonel,US Air Force (Retired),4,1137,0.0,0.0,"STS-75 (Columbia), STS-82 (Discovery), STS-101 (Atlantis), STS-105 (Discovery)",,,USA
Millie Hughes-Fulford,,Retired,12/21/1945,"Mineral Wells, TX",Female,Tarleton State University; Texas Woman’s University,,,1,218,0.0,0.0,STS-40 (Columbia),,,USA
Douglas G. Hurley,2000.0,Active,10/21/1966,"Endicott, NY",Male,Tulane University,Colonel,US Marine Corps,2,683,0.0,0.0,"STS-127 (Endeavor), STS-135 (Atlantis)",,,USA
Rick D. Husband,1995.0,Deceased,7/12/1957,"Amarillo, TX",Male,Texas Tech University; California State University,Colonel,US Air Force,2,617,0.0,0.0,"STS-96 (Discovery), STS-107 (Columbia)",2/1/2003,STS-107 (Columbia),USA
James B. Irwin,1966.0,Deceased,3/17/1930,"Pittsburgh, PA",Male,US Naval Academy; University of Michigan,Colonel,US Air Force (Retired),1,295,3.0,20.0,Apollo 15,8/8/1991,,USA
Marsha S. Ivins,1984.0,Retired,4/15/1951,"Baltimore, MD",Female,University of Colorado,,,5,1341,0.0,0.0,"STS-32 (Columbia), STS-46 (Atlantis), STS-62 (Columbia), STS-81 (Atlantis), STS-98 (Atlantis)",,,USA
Gregory B. Jarvis,,Deceased,8/24/1944,"Detroit, MI",Male,State University of New York at Buffalo; Northeastern University,,,1,0,0.0,0.0,STS-51-L (Challenger),1/28/1986,STS-51-L (Challenger),USA
Mae C. Jemison,1987.0,Retired,10/17/1956,"Decatur, AL",Female,Stanford University; Cornell University,,,1,190,0.0,0.0,STS-47 (Endeavor),,,USA
Tamara E. Jernigan,1985.0,Retired,5/7/1959,"Chattanooga, TN",Female,Stanford University; University of California-Berkeley; Rice University,,,5,1489,1.0,8.0,"STS-40 (Columbia), STS-52 (Columbia), STS-67 (Endeavor), STS-80 (Columbia), STS-98 (Discovery)",,,USA
Brent W. Jett,1992.0,Retired,10/5/1958,"Pontiac, MI",Male,US Naval Academy; US Naval Postgraduate School,Captain,US Navy (Retired),4,1002,0.0,0.0,"STS-72 (Endeavor), STS-81 (Atlantis), STS-97 (Endeavor), STS-115 (Atlantis)",,,USA
Gregory C. Johnson,1998.0,Management,7/30/1954,"Seattle, WA",Male,University of Washington,Captain,US Navy (Retired),1,309,0.0,0.0,STS-125 (Atlantis),,,USA
Gregory H. Johnson,1998.0,Active,5/12/1962,"London, England",Male,US Air Force Academy; Columbia University; University of Texas,Colonel,US Air Force (Retired),2,755,0.0,0.0,"STS-123 (Endeavor), STS-134 (Endeavor)",,,USA
Thomas D. Jones,1990.0,Retired,1/22/1955,"Baltimore, MD",Male,US Air Force Academy; University of Arizona,,,4,1272,3.0,20.0,"STS-59 (Endeavor), STS-68 (Endeavor), STS-80 (Columbia), STS-98 (Atlantis)",,,USA
Janet L. Kavandi,1995.0,Management,7/17/1959,"Springfield, MO",Female,Missouri Southern State College; University of Missouri; University of Washington,,,3,812,0.0,0.0,"STS-91 (Discovery), STS-99 (Endeavor), STS-104 (Atlantis)",,,USA
James M. Kelly,1996.0,Management,5/14/1964,"Burlington, IA",Male,US Air Force Academy; University of Alabama,Colonel,US Air Force (Retired),2,641,0.0,0.0,"STS-102 (Discovery), STS-114 (Discovery)",,,USA
Mark E. Kelly,1996.0,Retired,2/21/1964,"Orange, NJ",Male,US Merchant Marine Academy; US Naval Postgraduate School,Captain,US Navy (Retired),4,1298,0.0,0.0,"STS-108 (Endeavor), STS-121 (Discovery), STS-124 (Discovery), STS-134 (Endeavor)",,,USA
Scott J. Kelly,1996.0,Active,2/21/1964,"Orange, NJ",Male,State University of New York Maritime College; University of Tennessee-Knoxville,Captain,US Navy (Retired),4,12490,3.0,18.0,"STS-103 (Discovery), STS-118 (Endeavor), Soyuz TMA-01M, Soyuz TMA-16M",,,USA
Joseph P. Kerwin,1965.0,Retired,2/19/1932,"Oak Park, IL",Male,College of the Holy Cross; Northwestern University,Captain,US Navy (Retired),1,672,1.0,3.0,Skylab 2,,,USA
Susan L. Kilrain (Still),1995.0,Retired,10/24/1961,"Augusta, GA",Female,Embry-Riddle University; Georgia Institute of Technology,Commander,US Navy (Retired),2,472,0.0,0.0,"STS-83 (Columbia), STS-94 (Columbia)",,,USA
Robert S. Kimbrough,2004.0,Active,6/4/1967,"Killeen, TX",Male,US Military Academy; Georgia Institute of Technology,Colonel,US Army,3,4535,6.0,39.0,"STS-126 (Endeavor), Soyuz MS-02",,,USA
Timothy L. Kopra,2000.0,Active,4/9/1963,"Austin, TX",Male,US Military Academy; Georgia Institute of Technology; US Army War College,Colonel,US Army (Retired),2,5857,3.0,13.0,"STS-127 (Endeavor), Soyuz TMA-19M",,,USA
Kevin R. Kregel,1992.0,Retired,9/16/1956,"New York, NY",Male,US Air Force Academy; Troy State University,,,4,1265,0.0,0.0,"STS-70 (Discovery), STS-78 (Columbia), STS-87 (Columbia), STS-99 (Endeavor)",,,USA
Wendy B. Lawrence,1992.0,Retired,7/2/1959,"Jacksonville, FL",Female,US Naval Academy; MIT,Captain,US Navy (Retired),4,1223,0.0,0.0,"STS-67 (Endeavor), STS-86 (Atlantis), STS-91 (Discovery), STS-114 (Discovery)",,,USA
Mark C. Lee,1984.0,Retired,8/14/1952,"Viroqua, WI",Male,US Air Force Academy; MIT,Colonel,US Air Force (Retired),4,789,4.0,26.0,"STS-30 (Atlantis), STS-47 (Endeavor), STS-64 (Discovery), STS-82 (Discovery)",,,USA
David C. Leestma,1980.0,Management,5/6/1949,"Muskegon, MI",Male,US Naval Academy; US Naval Postgraduate School,Captain,US Navy (Retired),3,532,1.0,3.0,"STS-41-G (Challenger), STS-28 (Columbia), STS-45 (Atlantis)",,,USA
William B. Lenoir,1967.0,Deceased,3/14/1939,"Miami, FL",Male,MIT,,,1,122,0.0,0.0,STS-5 (Columbia),8/26/2012,,USA
Fred W. Leslie,,Retired,12/19/1951,"Ancon, Panama",Male,University of Texas; University of Oklahoma,,,1,381,0.0,0.0,STS-73 (Columbia),,,USA
Byron K. Lichtenberg,,Retired,2/19/1948,"Stroudsburg, PA",Male,Brown University; MIT,,,2,461,0.0,0.0,"STS-9 (Columbia), STS-45 (Atlantis)",,,USA
Don L. Lind,1966.0,Retired,5/18/1930,"Midvale, UT",Male,University of Utah; University of California-Berkley,,,1,168,0.0,0.0,STS-51-B (Challenger),,,USA
Kjell N. Lindgren,2009.0,Active,1/23/1973,"Taipei, Taiwan",Male,US Air Force Academy; University of Colorado; Colorado State University; University of Minnesota; University of Texas Medical Branch-Galveston,,,1,3400,2.0,15.0,Soyuz TMA-17M,,,USA
Steven W. Lindsey,1995.0,Retired,8/24/1960,"Arcadia, CA",Male,US Air Force Academy; US Air Force Institute of Technology,Colonel,US Air Force (Retired),5,1510,0.0,0.0,"STS-87 (Columbia), STS-95 (Discovery), STS-104 (Atlantis), STS-121 (Discovery), STS-133 (Discovery)",,,USA
Jerry M. Linenger,1992.0,Retired,1/16/1955,"Mount Clemens, MI",Male,US Naval Academy; University of Southern California; University of North Carolina; Wayne State University,Captain,US Navy (Retired),2,3435,1.0,5.0,"STS-64 (Discovery), STS-81 (Atlantis)",,,USA
Richard M. Linnehan,1992.0,Management,9/19/1957,"Lowell, MA",Male,University of New Hampshire; Ohio State University; Harvard University,,,4,1427,6.0,43.0,"STS-78 (Columbia), STS-90 (Columbia), STS-109 (Columbia), STS-123 (Endeavor)",,,USA
Gregory T. Linteris,,Retired,10/4/1957,"Demarest, NJ",Male,Princeton University; Stanford University,,,2,471,0.0,0.0,"STS-83 (Columbia), STS-94 (Columbia)",,,USA
John A. Llewellyn,1967.0,Retired,4/22/1933,"Cardiff, Wales",Male,University College at Cardiff,,,0,0,0.0,0.0,,,,USA
Paul S. Lockhart,1996.0,Retired,4/28/1956,"Amarillo, TX",Male,Texas Tech University; University of Texas,Colonel,US Air Force (Retired),2,663,0.0,0.0,"STS-111 (Endeavor), STS-113 (Endeavor)",,,USA
Michael E. Lopez-Alegria,1992.0,Retired,5/30/1958,"Madrid, Spain",Male,US Naval Academy; US Naval Postgraduate School,Captain,US Navy (Retired),3,6190,10.0,67.0,"STS-73 (Columbia), STS-92 (Discovery), STS-113 (Endeavor), Soyuz TMA-9",,,USA
Christopher J. Loria,1996.0,Retired,7/9/1960,"Belmont, MA",Male,US Naval Academy; Harvard University,Colonel,US Marine Corps (Retired),0,0,0.0,0.0,,,,USA
J. Mike Lounge,1980.0,Deceased,6/28/1946,"Denver, CO",Male,US Naval Academy; University of Colorado,,,3,483,0.0,0.0,"STS-51-I (Discovery), STS-26 (Discovery), STS-35 (Columbia)",3/1/2011,,USA
Jack R. Lousma,1966.0,Retired,2/29/1936,"Grand Rapids, MI",Male,University of Michigan; US Naval Postgraduate School,Colonel,US Marine Corps (Retired),2,1619,2.0,11.0,"Skylab 3, STS-3 (Columbia)",,,USA
Stanley G. Love,1998.0,Management,6/8/1965,"San Diego, CA",Male,Harvey Mudd College; University of Washington,,,1,306,2.0,15.0,STS-122 (Atlantis),,,USA
James A. Lovell,1962.0,Retired,3/25/1928,"Cleveland, OH",Male,US Naval Academy,Captain,US Navy (Retired),4,715,0.0,0.0,"Gemini 7, Gemini 12, Apollo 8, Apollo 13",,,USA
G. David Low,1984.0,Deceased,2/19/1956,"Cleveland, OH",Male,Washington & Lee University; Cornell University; Stanford University,,,3,714,1.0,6.0,"STS-32 (Columbia), STS-43 (Atlantis), STS-57 (Endeavor)",3/15/2008,,USA
Edward T. Lu,1995.0,Retired,7/1/1963,"Springfield, MA",Male,Cornell University; Stanford University,,,3,4962,1.0,6.0,"STS-84 (Atlantis), STS-106 (Atlantis), Soyuz TMA-2",,,USA
Shannon W. Lucid,1978.0,Retired,1/14/1943,"Shanghai, China",Female,University of Oklahoma,,,5,5354,0.0,0.0,"STS-51-G (Discovery), STS-34 (Atlantis), STS-43 (Atlantis), STS-58 (Columbia), STS-76 (Atlantis)",,,USA
Sandra H. Magnus,1996.0,Retired,10/30/1964,"Belleville, IL",Female,University of Missouri-Rolla; Georgia Institute of Technology,,,3,3776,0.0,0.0,"STS-112 (Atlantis), STS-126 (Endeavor), STS-135 (Atlantis)",,,USA
Thomas H. Marshburn,2004.0,Active,8/29/1960,"Statesville, NC",Male,Davidson College; University of Virginia; Wake Forest University; University of Texas Medical Branch-Galveston,,,2,3871,4.0,24.0,"STS-127 (Endeavor), Soyuz TMA-07M",,,USA
Michael J. Massimino,1996.0,Management,8/19/1962,"Oceanside, NY",Male,Columbia University; MIT,,,2,571,4.0,30.0,"STS-109 (Columbia), STS-125 (Atlantis)",,,USA
Richard A. Mastracchio,1996.0,Active,2/11/1960,"Waterbury, CT",Male,University of Connecticut; Rensselaer Polytechnic Institute; University of Houston-Clear Lake,,,4,5461,9.0,53.0,"STS-106 (Atlantis), STS-118 (Endeavor), STS-131 (Discovery), Soyuz TMA-11M",,,USA
Thomas K. Mattingly II ,1966.0,Retired,3/17/1936,"Chicago, IL",Male,Auburn University,Rear Admiral,US Navy (Retired),3,508,1.0,1.0,"Apollo 16, STS-4 (Columbia), STS-51-C (Discovery)",,,USA
K. Megan McArthur,2000.0,Active,8/30/1971,"Honolulu, HI",Female,University of California-Los Angeles; University of California-San Diego,,,1,309,0.0,0.0,STS-125 (Atlantis),,,USA
William S. McArthur,1990.0,Management,7/26/1951,"Laurinburg, NC",Male,US Military Academy; Georgia Institute of Technology,Colonel,US Army (Retired),4,5398,4.0,24.0,"STS-58 (Columbia), STS-74 (Atlantis), STS-92 (Discovery), Soyuz TMA-7",,,USA
S. Christa McAuliffe,,Deceased,9/2/1948,"Boston, MA",Female,Framingham State College; Bowie State College,,,1,0,0.0,0.0,STS-51-L (Challenger),1/28/1986,STS-51-L (Challenger),USA
Jon A. McBride,1978.0,Retired,8/14/1943,"Charleston, WV",Male,US Naval Postgraduate School,Captain,US Navy (Retired),1,197,0.0,0.0,STS-41-G (Challenger),,,USA
Bruce McCandless II ,1966.0,Retired,6/8/1937,"Boston, MA",Male,US Naval Academy; Stanford University; University of Houston-Clear Lake,Captain,US Navy (Retired),2,312,2.0,12.0,"STS-41-B (Challenger), STS-31 (Discovery)",,,USA
William C. McCool,1996.0,Deceased,9/23/1961,"San Diego, CA",Male,US Naval Academy; University of Maryland; US Naval Postgraduate School,Commander,US Navy,1,382,0.0,0.0,STS-107 (Columbia),2/1/2003,STS-107 (Columbia),USA
Michael J. McCulley,1984.0,Retired,8/4/1943,"San Diego, CA",Male,Purdue University,Captain,US Navy (Retired),1,119,0.0,0.0,STS-34 (Atlantis),,,USA
James A. McDivitt,1984.0,Retired,6/10/1929,"Chicago, IL",Male,University of Michigan,Brigadier General,US Air Force (Retired),2,338,0.0,0.0,"Gemini 4, Apollo 9",,,USA
Donald R. McMonagle,1987.0,Retired,5/14/1952,"Flint, MI",Male,US Air Force Academy; California State University-Fresno,Colonel,US Air Force (Retired),3,605,0.0,0.0,"STS-39 (Discovery), STS-54 (Endeavor), STS-66 (Atlantis)",,,USA
Ronald E. McNair,1978.0,Deceased,10/21/1950,"Lake City, SC",Male,North Carolina A&T State College; MIT,,,2,191,0.0,0.0,"STS-41-B (Challenger), STS-51-L (Challenger)",1/28/1986,STS-51-L (Challenger),USA
Carl J. Meade,1985.0,Retired,11/16/1950,"Chanute Air Force Base, IL",Male,University of Texas; California Institute of Technology,Colonel,US Air Force (Retired),3,712,1.0,6.0,"STS-38 (Atlantis), STS-50 (Columbia), STS-64 (Discovery)",,,USA
Bruce E. Melnick,1987.0,Retired,12/5/1949,"New York, NY",Male,US Coast Guard Academy; West Florida University,Commander,US Coast Guard (Retired),2,311,0.0,0.0,"STS-41 (Discovery), STS-49 (Endeavor)",,,USA
Pamela A. Melroy,1995.0,Retired,9/17/1961,"Palo Alto, CA",Female,Wellesley College; MIT,Colonel,US Air Force (Retired),3,914,0.0,0.0,"STS-92 (Discovery), STS-112 (Atlantis), STS-120 (Discovery)",,,USA
Leland D. Melvin,1998.0,Management,2/15/1964,"Lynchburg, VA",Male,University of Richmond; University of Virginia,,,2,565,0.0,0.0,"STS-122 (Atlantis), STS-129 (Atlantis)",,,USA
Dorothy M. Metcalf-Lindenberger,2004.0,Active,5/2/1975,"Colorado Springs, CO",Female,Whitman College,,,1,362,0.0,0.0,STS-131 (Discovery),,,USA
F. Curtis Michel,1965.0,Retired,6/5/1934,"LaCrosse, WI",Male,California Institute of Technology,,,0,0,0.0,0.0,,,,USA
Edgar D. Mitchell,1966.0,Retired,9/17/1930,"Hereford, TX",Male,Carnegie-Mellon University; US Naval Postgraduate School; MIT,Captain,US Navy (Retired),1,216,2.0,9.0,Apollo 14,,,USA
Barbara R. Morgan,1998.0,Retired,11/28/1951,"Fresno, CA",Female,Stanford University,,,1,305,0.0,0.0,STS-118 (Endeavor),,,USA
Lee M. Morin,1996.0,Management,9/9/1952,"Manchester, NH",Male,University of New Hampshire; University of Alabama-Birmingham; New York University,Captain,US Navy,1,259,2.0,14.0,STS-110 (Atlantis),,,USA
Richard M. Mullane,1978.0,Retired,9/10/1945,"Wichita Falls, TX",Male,US Military Academy; US Air Force Institute of Technology,Colonel,US Air Force (Retired),3,356,0.0,0.0,"STS-41-D (Discovery), STS-27 (Atlantis), STS-36 (Atlantis)",,,USA
Story Musgrave,1967.0,Retired,8/19/1935,"Boston, MA",Male,Syracuse University; Marietta College; University of California-Los Angeles; University of Kentucky; University of Houston; Columbia University,,,6,1281,4.0,26.0,"STS-6 (Challenger), STS-51-F (Challenger), STS-33 (Discovery), STS-44 (Atlantis), STS-61 (Endeavor), STS-80 (Columbia)",,,USA
Steven R. Nagel,1978.0,Retired,10/27/1946,"Canton, IL",Male,University of Illinois; California State University-Fresno,Colonel,US Air Force (Retired),4,721,0.0,0.0,"STS-51-G (Discovery), STS-61-A (Challenger), STS-37 (Atlantis), STS-55 (Columbia)",,,USA
Bill Nelson,,Retired,9/29/1942,"Miami, FL",Male,Yale University; University of Virginia,Captain,US Army (Retired),1,146,0.0,0.0,STS-61-C (Columbia),,,USA
George D. Nelson,1978.0,Retired,7/13/1950,"Charles City, IA",Male,Harvey Mudd College; University of Washington,,,3,411,2.0,10.0,"STS-41-C (Challenger), STS-61-C (Columbia), STS-26 (Discovery)",,,USA
James H. Newman,1990.0,Retired,10/16/1956,"San Diego, CA",Male,Dartmouth College; Rice University,,,4,1042,6.0,43.0,"STS-51 (Discovery), STS-69 (Endeavor), STS-88 (Endeavor), STS- 109 (Columbia)",,,USA
Carlos I. Noriega,1995.0,Retired,10/8/1959,"Lima, Peru",Male,University of Southern California; US Naval Postgraduate School,Lieutenant Colonel,US Marine Corps (Retired),2,481,3.0,19.0,"STS-84 (Atlantis), STS-97 (Endeavor)",,,USA
Lisa M. Nowak,1996.0,Retired,5/10/1963,"Washington, DC",Female,US Naval Academy; US Naval Postgraduate School,Captain,US Navy (Retired),1,306,0.0,0.0,STS-121 (Discovery),,,USA
Karen L. Nyberg,2000.0,Active,10/7/1969,"Parker’s Prairie, MN",Female,University of North Dakota; University of Texas,,,2,4320,0.0,0.0,"STS-124 (Discovery), Soyuz TMA-09M",,,USA
Bryan D. O'Connor,1980.0,Retired,9/6/1946,"Orange, CA",Male,US Naval Academy; West Florida University,Colonel,US Marine Corps (Retired),2,383,0.0,0.0,"STS-61-B (Atlantis), STS-40 (Columbia)",,,USA
Brian T. O'Leary,1967.0,Deceased,1/27/1940,"Boston, MA",Male,Williams College; Georgetown University; University of California-Berkeley,,,0,0,0.0,0.0,,7/28/2011,,USA
Ellen Ochoa,1990.0,Management,5/10/1958,"Los Angeles, CA",Female,San Diego State University; Stanford University,,,4,979,0.0,0.0,"STS-56 (Discovery), STS-66 (Atlantis), STS-96 (Discovery), STS-110 (Atlantis)",,,USA
William A. Oefelein,1998.0,Retired,3/29/1965,"Ft. Belvoir, VA",Male,Oregon State University; University of Tennessee,Commander,US Navy (Retired),1,308,0.0,0.0,STS-116 (Discovery),,,USA
John D. Olivas,1998.0,Retired,5/25/1966,"North Hollywood, CA",Male,University of Texas-El Paso; University of Houston; Rice University,,,2,665,5.0,34.0,"STS-117 (Atlantis), STS-128 (Discovery)",,,USA
Ellison S. Onizuka,1978.0,Deceased,6/24/1946,"Kealakekua, HI",Male,University of Colorado,Lieutenant Colonel,US Air Force,2,73,0.0,0.0,"STS-51-C (Discovery), STS-51-L (Challenger)",1/28/1986,STS-51-L (Challenger),USA
Stephen S. Oswald,1985.0,Retired,6/30/1951,"Seattle, WA",Male,US Naval Academy,,,3,814,0.0,0.0,"STS-42 (Discovery), STS-56 (Discovery), STS-67 (Endeavor)",,,USA
Robert F. Overmyer,1969.0,Deceased,7/14/1936,"Lorain, OH",Male,Baldwin Wallace College; US Naval Postgraduate School,Colonel,US Marine Corps (Retired),2,290,0.0,0.0,"STS-5 (Columbia), STS-51-B (Challenger)",3/22/1996,,USA
William A. Pailes,,Retired,6/26/1952,"Hackensack, NJ",Male,US Air Force Academy; Texas A&M University,Colonel,US Air Force (Retired),1,97,0.0,0.0,STS-51-J (Atlantis),,,USA
Scott E. Parazynski,1992.0,Retired,7/28/1961,"Little Rock, AR",Male,Stanford University,,,5,1404,7.0,47.0,"STS-66 (Atlantis), STS-86 (Atlantis), STS-95 (Discovery), STS-100 (Endeavor), STS-120 (Discovery)",,,USA
Ronald A. Parise,,Deceased,5/24/1951,"Warren, OH",Male,Youngstown State University; University of Florida,,,2,614,0.0,0.0,"STS-35 (Columbia), STS-67 (Endeavor)",5/9/2008,,USA
Robert A. Parker,1967.0,Retired,12/14/1936,"New York, NY",Male,Amherst College; California Institute of Technology,,,2,462,0.0,0.0,"STS-9 (Columbia), STS-35 (Columbia)",,,USA
Niclolas J. M. Patrick,1998.0,Retired,3/22/1964,"North Yorkshire, England",Male,University of Cambridge; MIT,,,2,638,3.0,18.0,"STS-116 (Discovery), STS-130 (Endeavor)",,,USA
James A. Pawelczyk,,Retired,9/20/1960,"Buffalo, NY",Male,University of Rochester; Pennsylvania State University; University of North Texas,,,1,381,0.0,0.0,STS-90 (Columbia),,,USA
Gary E. Payton,,Retired,6/20/1948,"Rock Island, IL",Male,US Air Force Academy; Purdue University,Major,US Air Force,1,73,0.0,0.0,STS-51-C (Discovery),,,USA
Donald H. Peterson,1969.0,Retired,10/22/1933,"Winona, MS",Male,US Military Academy; US Air Force Institute of Technology,Colonel,US Air Force (Retired),1,120,1.0,4.0,STS-6 (Challenger),,,USA
Donald R. Pettit,1996.0,Active,4/20/1955,"Silverton, OR",Male,Oregon State University; University of Arizona,,,3,8872,2.0,13.0,"STS-113 (Endeavour), STS-126 (Endeavor), Soyuz TMA-03M",,,USA
John L. Phillips,1996.0,Retired,4/15/1951,"Ft. Belvoir, VA",Male,US Naval Academy; University of West Florida; University of California-Los Angeles,Captain,US Naval Reserves (Retired),3,4880,1.0,5.0,"STS-100 (Endeavor), Soyuz TMA-6, STS-119 (Discovery)",,,USA
William R. Pogue,1966.0,Retired,1/23/1930,"Okemah, OK",Male,Oklahoma Baptist University; Oklahoma State University,Colonel,US Air Force (Retired),1,2017,2.0,13.0,Skylab 4,,,USA
Alan G. Poindexter,1998.0,Deceased,11/5/1961,"Pasadena, CA",Male,Georgia Institute of Technology; US Naval Postgraduate School,Captain,US Navy,2,669,0.0,0.0,"STS-122 (Atlantis), STS-131 (Discovery)",7/1/2012,,USA
Mark L. Polansky,1996.0,Retired,6/2/1956,"Paterson, NJ",Male,Purdue University,,,3,995,0.0,0.0,"STS-98 (Atlantis), ST-116 (Discovery), STS-127 (Endeavor)",,,USA
Charles J. Precourt,1990.0,Retired,6/29/1955,"Waltham, MA",Male,US Air Force Academy; Golden Gate University; US Naval War College,Colonel,US Air Force (Retired),4,950,0.0,0.0,"STS-55 (Columbia), STS-71 (Atlantis), STS-84 (Atlantis), STS-91 (Discovery)",,,USA
William F. Readdy,1987.0,Retired,1/24/1952,"Quonset Point, RI",Male,US Naval Academy,Captain,US Navy (Retired),3,672,0.0,0.0,"STS-42 (Discovery), STS-51 (Discovery), STS-79 (Atlantis)",,,USA
Kenneth S. Reightler,1987.0,Retired,3/24/1951,"Patuxent River, MD",Male,US Naval Academy; US Naval Postgraduate School; University of Southern California,Captain,US Navy (Retired),2,327,0.0,0.0,"STS-48 (Discovery), STS-60 (Discovery)",,,USA
James F. Reilly II ,1995.0,Retired,3/18/1954,"Mountain Home Air Force Base, ID",Male,University of Texas-Dallas,,,3,854,5.0,31.0,"STS-89 (Endeavor), STS-104 (Atlantis), STS-117 (Atlantis)",,,USA
Garrett E. Reisman,1998.0,Retired,2/10/1968,"Morristown, NJ",Male,University of Pennsylvania; California Institute of Technology,,,2,2571,3.0,21.0,"STS-123 (Endeavor), STS-132 (Atlantis)",,,USA
Judith A. Resnik,1978.0,Deceased,4/5/1949,"Akron, OH",Female,Carnegie-Mellon University; University of Maryland,,,2,144,0.0,0.0,"STS-41-D (Discovery), STS-51-L (Challenger)",1/28/1986,STS-51-L (Challenger),USA
Paul W. Richards,1996.0,Management,5/20/1964,"Scranton, PA",Male,Drexel University; University of Maryland,,,1,307,1.0,6.0,STS-102 (Discovery),,,USA
Richard N. Richards,1980.0,Retired,8/24/1946,"Key West, FL",Male,University of Missouri; University of West Florida,Captain,US Navy (Retired),4,813,0.0,0.0,"STS-28 (Columbia), STS-41 (Discovery), STS-50 (Columbia), STS-64 (Discovery)",,,USA
Sally K. Ride,1978.0,Deceased,5/26/1951,"Los Angeles, CA",Female,Stanford University,,,2,343,0.0,0.0,"STS-7 (Challenger), STS-41-G (Challenger)",7/23/2012,,USA
Patricia Hilliard Robertson,1998.0,Deceased,3/12/1963,"Indiana, PA",Female,Indiana University of Pennsylvania; Medical College of Pennsylvania,,,0,0,0.0,0.0,,5/24/2001,,USA
Stephen K. Robinson,1995.0,Retired,10/26/1955,"Sacramento, CA",Male,University of California-Davis; Stanford University,,,4,1162,3.0,20.0,"STS-85 (Discovery), STS-95 (Discovery), STS-114 (Discovery), STS-130 (Endeavor)",,,USA
Kent V. Rominger,1992.0,Retired,8/7/1956,"Del Norte, CO",Male,Colorado State University; US Naval Postgraduate School,Captain,US Navy (Retired),5,1611,0.0,0.0,"STS-73 (Columbia), STS-80 (Columbia), STS-85 (Discovery), STS-96 (Discovery), STS-100 (Endeavor)",,,USA
Stuart A. Roosa,1966.0,Deceased,8/16/1933,"Durango, CO",Male,University of Colorado,Colonel,US Air Force (Retired),1,216,0.0,0.0,Apollo 14,12/12/1994,,USA
Jerry L. Ross,1980.0,Retired,1/20/1948,"Crown Point, IN",Male,Purdue University,Colonel,US Air Force (Retired),7,1393,9.0,58.0,"ST 61-B (Atlantis), ST-27 (Atlantis), ST-37 (Atlantis), STS-55 (Columbia), STS-74 (Atlantis), STS-88 (Endeavor), STS-110 (Atlantis)",,,USA
Kathleen Rubins,2009.0,Active,10/14/1978,"Farmington, CT",Female,University of California-San Diego; Stanford University,,,1,2762,2.0,13.0,Soyuz MS-01,,,USA
Mario Runco,1987.0,Management,1/26/1952,"Bronx, NY",Male,City College of New York; Rutgers University,Lieutenant Commander,US Navy (Retired),3,551,0.0,0.0,"STS-44 (Atlantis), STS-54 (Endeavor), STS-77 (Endeavor)",04/23/01,,USA
Albert Sacco Jr.,,Retired,5/3/1949,"Boston, MA",Male,Northeastern University; MIT,,,1,381,0.0,0.0,STS-73 (Columbia),,,USA
Robert L. Satcher,2004.0,Retired,9/22/1965,"Hampton, VA",Male,MIT; Harvard University,,,1,259,2.0,12.0,STS-129 (Atlantis),,,USA
Walter M. Schirra,1959.0,Deceased,3/12/1923,"Hackensack, NJ",Male,US Naval Academy,Captain,US Navy (Retired),3,295,0.0,0.0,"Mercury 8, Gemini 6, Apollo 7",5/2/2007,,USA
Harrison H. Schmitt,1965.0,Retired,7/3/1935,"Santa Rita, NM",Male,California Institute of Technology; Harvard University,,,1,301,3.0,22.0,Apollo 17,,,USA
Russell L. Schweickart,1963.0,Retired,10/25/1935,"Neptune, NJ",Male,MIT,,,1,241,1.0,1.0,Apollo 9,,,USA
Francis R. Scobee,1978.0,Deceased,5/19/1939,"Cle Elum, WA",Male,University of Arizona,Major,US Air Force (Retired),2,167,0.0,0.0,"STS-41-C (Challenger), STS-51-L (Challenger)",1/28/1986,STS-51-L (Challenger),USA
David R. Scott,1963.0,Retired,6/6/1932,"San Antonio, TX",Male,US Military Academy; MIT,Colonel,US Air Force (Retired),3,546,4.0,19.0,"Gemini 8, Apollo 9, Apollo 15",,,USA
Winston E. Scott,1992.0,Retired,8/6/1950,"Miami, FL",Male,Florida State University; US Naval Postgraduate School,Captain,US Navy (Retired),2,590,3.0,19.0,"STS-72 (Endeavor), STS-87 (Columbia)",,,USA
Paul D. Scully-Power,,Retired,5/28/1944,"Sydney, Australia",Male,University of Sydney,,,1,197,0.0,0.0,STS-41-G (Challenger),,,USA
Richard A. Searfoss,1990.0,Retired,6/5/1956,"Mount Clemens, MI",Male,US Air Force Academy; California Institute of Technology,Colonel,US Air Force (Retired),3,939,0.0,0.0,"STS-58 (Columbia), STS-76 (Atlantis), STS-90 (Columbia)",,,USA
Margaret Rhea Seddon,1978.0,Retired,11/8/1947,"Murfreesboro, TN",Female,University of California-Berkeley; University of Tennessee,,,3,722,0.0,0.0,"STS-51-D (Discovery), STS-40 (Columbia), STS-58 (Columbia)",,,USA
Elliot M. See,1962.0,Deceased,7/23/1927,"Dallas, TX",Male,US Merchant Marine Academy; University of California-Los Angeles,,,0,0,0.0,0.0,,2/28/1966,,USA
Ronald M. Sega,1990.0,Retired,12/4/1952,"Cleveland, OH",Male,US Air Force Academy; Ohio State University; University of Colorado,Colonel,US Air Force Reserves (Retired),2,420,0.0,0.0,"STS-60 (Discovery), STS-76 (Atlantis)",,,USA
Piers J. Sellers,1996.0,Management,4/11/1955,"Crowborough, England",Male,University of Edinburgh; Leeds University,,,3,839,6.0,41.0,"STS-112 (Atlantis), STS-121 (Discovery), STS-132 (Atlantis)",,,USA
Brewster H. Shaw,1978.0,Retired,5/16/1945,"Cass City, MI",Male,University of Wisconsin,Colonel,US Air Force (Retired),3,533,0.0,0.0,"STS-9 (Columbia), STS-61-B (Atlantis), STS-28 (Columbia)",,,USA
Alan B. Shepard,1959.0,Deceased,11/18/1923,"East Derry, NH",Male,US Naval Academy,Rear Admiral,US Navy (Retired),2,216,2.0,9.0,"Mercury 3, Apollo 14",7/21/1998,,USA
William M. Shepherd,1984.0,Retired,7/26/1949,"Oak Ridge, TN",Male,US Naval Academy; MIT,Captain,US Navy (Retired),4,3823,0.0,0.0,"STS-37 (Atlantis), STS-41 (Discovery), STS-52 (Columbia), Soyuz TM-31",,,USA
Loren J. Shriver,1978.0,Retired,9/23/1944,"Jefferson, IA",Male,US Air Force Academy; Purdue University,Colonel,US Air Force (Retired),3,386,0.0,0.0,"STS-51-C (Discovery), STS-31 (Discovery), STS-46 (Atlantis)",,,USA
Donald K. Slayton,1959.0,Deceased,3/1/1924,"Sparta, WI",Male,University of Minnesota,Major,US Air Force Reserves,1,217,0.0,0.0,Apollo-Soyuz,6/13/1993,,USA
Michael J. Smith,1980.0,Deceased,4/30/1945,"Beaufort, NC",Male,US Naval Academy; US Naval Postgraduate School,Captain,US Navy,1,0,0.0,0.0,STS-51-L (Challenger),1/28/1986,STS-51-L (Challenger),USA
Steven L. Smith,1992.0,Management,12/30/1958,"Phoenix, AZ",Male,Stanford University,,,4,960,7.0,49.0,"STS-68 (Endeavor), STS-82 (Discovery), STS-103 (Discovery), STS-110 (Atlantis)",,,USA
Sherwood C. Spring,1980.0,Retired,9/23/1944,"Hartford, CT",Male,US Military Academy; University of Arizona,Colonel,US Army (Retired),1,165,2.0,12.0,STS-61-B (Atlantis),,,USA
Robert C. Springer,1980.0,Retired,5/21/1942,"St. Louis, MO",Male,US Naval Academy; US Naval Postgraduate School,Colonel,US Marine Corps (Retired),2,237,0.0,0.0,"STS-29 (Discovery), STS-38 (Atlantis)",,,USA
Thomas P. Stafford,1962.0,Retired,9/17/1930,"Weatherford, OK",Male,US Naval Academy,Lieutenant General,US Air Force (Retired),4,507,0.0,0.0,"Gemini 6, Gemini 9, Apollo 10, Apollo-Soyuz",,,USA
Heidemarie M. Stefanyshyn-Piper,1996.0,Retired,2/7/1963,"St. Paul, MN",Female,MIT,Captain,US Navy,2,663,2.0,33.0,"STS-115 (Atlantis), STS-126 (Endeavor)",,,USA
Robert L. Stewart,1978.0,Retired,8/13/1942,"Washington, DC",Male,University of Southern Mississippi; University of Texas-Arlington,Brigadier General,US Army (Retired),2,289,2.0,12.0,"STS-41-B (Challenger), STS-51-J (Atlantis)",,,USA
Nicole P. Stott,2000.0,Active,11/19/1962,"Albany, NY",Female,Embry-Riddle Aeronautical University; University of Central Florida,,,2,2477,1.0,6.0,"STS-128 (Discovery), STS-133 (Discovery)",,,USA
Frederick W. Sturckow,1995.0,Retired,8/11/1961,"La Mesa, CA",Male,California Polytechnic State University,Colonel,US Marine Corps (Retired),4,1233,0.0,0.0,"STS-88 (Endeavor), STS-105 (Discovery), STS-117 (Atlantis), STS-128 (Discovery)",,,USA
Kathryn D. Sullivan,1978.0,Retired,10/3/1951,"Patterson, NJ",Female,University of California-Santa Cruz; Dalhousie University,,,3,532,1.0,3.0,"STS-41-G (Challenger), STS-31 (Discovery), STS-45 (Atlantis)",,,USA
Steven R. Swanson,1998.0,Active,12/3/1960,"Syracuse, NY",Male,University of Colorado; Florida Atlantic University; Texas A&M University,,,3,4700,5.0,28.0,"STS-117 (Atlantis), STS-119 (Discovery), Soyuz TMA-12M",,,USA
John L. Swigert,1966.0,Deceased,8/30/1931,"Denver, CO",Male,University of Colorado; Rensselaer Polytechnic Institute; University of Hartford,,,1,142,0.0,0.0,Apollo 13,12/27/1982,,USA
Daniel M. Tani,1996.0,Retired,2/1/1961,"Ridley Park, PA",Male,MIT,,,2,3162,6.0,39.0,"STS-108 (Endeavor), STS-120 (Discovery)",,,USA
Joseph R. Tanner,1992.0,Retired,1/21/1950,"Danville, IL",Male,University of Illinois,,,4,1045,7.0,46.0,"STS-66 (Atlantis), STS-82 (Discovery), STS-97 (Endeavor), STS-115 (Discovery)",,,USA
Norman E. Thagard,1978.0,Retired,7/3/1943,"Marianna, FL",Male,Florida State University; University of Texas,,,5,3373,0.0,0.0,"STS-7 (Challenger), STS-51-B (Challenger), STS-30 (Atlantis), STS-42 (Discovery), STS-71 (Atlantis)",,,USA
Andrew S. W. Thomas,1992.0,Management,12/18/1951,"Adelaide, Australia",Male,University of Adelaide,,,4,4257,1.0,6.0,"STS-77 (Endeavor), STS-89 (Endeavor), STS-102 (Discovery), STS-114 (Discovery)",,,USA
Donald A. Thomas,1990.0,Retired,5/6/1955,"Cleveland, OH",Male,Case Western Reserve University; Cornell University,,,4,1040,0.0,0.0,"STS-65 (Columbia), STS-70 (Discovery), STS-83 (Columbia), STS-94 (Columbia)",,,USA
Stephen D. Thorne,1985.0,Deceased,2/11/1953,"Frankfurt, West Germany",Male,US Naval Academy,Lieutenant Commander,US Navy,0,0,0.0,0.0,,5/24/1986,,USA
Kathryn C. Thornton,1984.0,Retired,8/17/1952,"Montgomery, AL",Female,Auburn University; University of Virginia,,,4,975,3.0,21.0,"STS-33 (Discovery), STS-49 (Endeavor), STS-61 (Endeavor), STS-73 (Columbia)",,,USA
William E. Thornton,1967.0,Retired,4/14/1929,"Faison, NC",Male,University of North Carolina,,,2,315,0.0,0.0,"STS-8 (Challenger), STS-51-B (Challenger)",,,USA
Pierre J. Thuot,1985.0,Retired,5/19/1955,"Groton, CT",Male,US Naval Academy; University of Southern California,Commander,US Navy,3,654,3.0,17.0,"STS-36 (Atlantis), STS-49 (Endeavor), STS-62 (Columbia)",,,USA
Scott D. Tingle,2009.0,Active,7/19/1965,"Attleboro, MA",Male,Southeastern Massachusetts University; Purdue University,Commander,US Navy,1,0,0.0,0.0,Soyuz MS-07,,,USA
Richard H. Truly,1969.0,Retired,11/12/1937,"Fayette, MS",Male,Georgia Institute of Technology,Vice Admiral,US Navy (Retired),2,199,0.0,0.0,"STS-2 (Columbia), STS-8 (Challenger)",,,USA
Lodewijk van den Berg,,Retired,3/24/1932,"Sluiskil, Netherlands",Male,Delft University of Technology; University of Delaware,,,1,168,0.0,0.0,STS-51-B (Challenger),,,USA
James D. van Hoften,1978.0,Retired,6/11/1944,"Fresno, CA",Male,University of California-Berkeley; Colorado State University,,,2,338,4.0,22.0,"STS-41-C (Challenger), STS-51-I (Discovery)",,,USA
Mark T. Vande Hei,2009.0,Active,11/10/1966,"Falls Church, VA",Male,Saint John’s University; Stanford University,Colonel,US Army,1,0,0.0,0.0,Soyuz MS-05,,,USA
Charles Lacy Veach,1984.0,Deceased,9/18/1944,"Chicago, IL",Male,US Air Force Academy,,,2,436,0.0,0.0,"STS-39 (Discovery), STS-52 (Columbia)",10/3/1995,,USA
Terry W. Virts,2000.0,Active,12/1/1967,"Baltimore, MD",Male,US Air Force Academy; Embry-Riddle Aeronautical University,Colonel,US Air Force,2,5122,3.0,18.0,"STS-130 (Endeavor), Soyuz TMA-15M",,,USA
James S. Voss,1987.0,Retired,3/3/1949,"Cordova, AL",Male,Auburn University; University of Colorado,Colonel,US Army (Retired),5,4853,4.0,22.0,"STS-44 (Atlantis), STS-53 (Discovery), STS-69 (Endeavor), STS-101 (Atlantis), STS-102 (Discovery)",,,USA
Janice E. Voss,1990.0,Deceased,10/8/1956,"South Bend, IN",Female,Purdue University; MIT,,,5,1179,0.0,0.0,"STS-57 (Endeavor), STS-63 (Discovery), STS-83 (Columbia), STS-94 (Columbia), STS-99 (Endeavor)",2/6/2012,,USA
Rex J. Walheim,1996.0,Active,10/10/1962,"Redwood, CA",Male,University of California-Berkeley; University of Houston,Colonel,US Air Force (Retired),3,872,5.0,36.0,"STS-110 (Atlantis), STS-122 (Atlantis), STS-135 (Atlantis)",,,USA
Charles D. Walker,,Retired,8/29/1948,"Bedford, IN",Male,Purdue University,,,3,477,0.0,0.0,"STS-41-D (Discovery), STS-51-D (Discovery), STS-61-B (Atlantis)",,,USA
David M. Walker,1978.0,Deceased,5/20/1944,"Columbus, GA",Male,US Naval Academy,Captain,US Navy (Retired),4,724,0.0,0.0,"STS-51-A (Discovery), STS-30 (Atlantis), STS-53 (Discovery), STS-69 (Endeavor)",4/23/2001,,USA
Shannon Walker,2004.0,Active,6/4/1965,"Houston, TX",Female,Rice University,,,1,3919,0.0,0.0,Soyuz TMA-19,,,USA
Carl E. Walz,1990.0,Retired,9/6/1955,"Cleveland, OH",Male,Kent State University; John Carroll University,Colonel,US Air Force,4,5533,3.0,19.0,"STS-51 (Discovery), STS-65 (Columbia), STS-79 (Atlantis), STS-108/111 (Endeavor)",,,USA
Taylor G. Wang,,Retired,6/16/1940,"Jiangxi, China",Male,University of California at Los Angeles,,,1,168,0.0,0.0,STS-51-B (Challenger),,,USA
Mary E. Weber,1992.0,Retired,8/24/1962,"Cleveland, OH",Female,Purdue University; University of California-Berkeley,,,2,450,0.0,0.0,"STS-70 (Discovery), STS-101 (Atlantis)",,,USA
Paul J. Weitz,1966.0,Retired,6/25/1932,"Erie, PA",Male,Pennsylvania State University; US Naval Postgraduate School,Captain,US Navy (Retired),2,793,1.0,2.0,"Skylab 2, STS-6 (Challenger)",,,USA
James D. Wetherbee,1984.0,Retired,11/27/1952,"Flushing, NY",Male,University of Notre Dame,Captain,US Navy (Retired),6,1594,0.0,0.0,"STS-32 (Columbia), STS-52 (Columbia), STS-63 (Discovery), STS-86 (Atlantis), STS-102 (Discovery), STS-113 (Endeavor)",,,USA
Douglas H. Wheelock,1998.0,Active,5/5/1960,"Binghamton, NY",Male,US Military Academy; Georgia Institute of Technology,Colonel,US Army,2,4281,6.0,43.0,"STS-120 (Discovery), Soyuz TMA-19",,,USA
Edward H. White II ,1962.0,Deceased,11/14/1930,"San Antonio, TX",Male,US Military Academy; University of Michigan,Lieutenant Colonel,US Air Force,2,97,1.0,0.5,"Gemini 4, Apollo 1",1/27/1967,Apollo 1,USA
Peggy Whitson,1996.0,Active,2/9/1960,"Mt. Ayr, IA",Female,Iowa Wesleyan College; Rice University,,,3,15982,10.0,60.0,"STS-111 (Endeavor), Soyuz TMA-11, Soyuz MS-03",,,USA
Terrence W. Wilcutt,1990.0,Management,10/31/1949,"Russellville, KY",Male,Western Kentucky University,,,4,1008,0.0,0.0,"STS-68 (Endeavor), STS-79 (Atlantis), STS-89 (Endeavor), STS-106 (Atlantis)",,,USA
Clifton C. Williams,1963.0,Deceased,9/26/1932,"Mobile, AL",Male,Auburn University,Major,US Marine Corps,0,0,0.0,0.0,,10/5/1967,,USA
Donald E. Williams,1978.0,Retired,2/13/1958,"Lafayette, IN",Male,Purdue University,Captain,US Navy (Retired),2,287,0.0,0.0,"STS-51-D (Discovery), STS-34 (Atlantis)",,,USA
Jeffrey Williams,1996.0,Active,1/18/1958,"Superior, WI",Male,US Military Academy; US Naval Postgraduate School; US Naval War College,Colonel,US Army (Retired),4,12818,5.0,32.0,"STS-101 (Atlantis), Soyuz TMA-8, Soyuz TMA-16, Soyuz TMA-20M",,,USA
Sunita L. Williams,1998.0,Active,9/19/1965,"Euclid, OH",Female,US Naval Academy; Florida Institute of Technology,Captain,US Navy,2,7721,7.0,50.0,"STS-116 (Discovery), Soyuz TMA-05M",,,USA
Barry E. Wilmore,2000.0,Active,12/29/1962,"Murfreesboro, TN",Male,Tennessee Technological University; University of Tennessee,Captain,US Navy,2,4272,4.0,25.0,"STS-129 (Atlantis), Soyuz TMA-14M",,,USA
Stephanie D. Wilson,1996.0,Active,9/27/1966,"Boston, MA",Female,Harvard University; University of Texas,,,3,1031,0.0,0.0,"STS-121 (Discovery), STS-120 (Discovery), STS-131 (Discovery)",,,USA
Gregory R. Wiseman,2009.0,Active,11/11/1975,"Baltimore, MD",Male,Rensselaer Polytechnic Institute; Johns Hopkins University,Commander,US Navy,1,3968,2.0,13.0,Soyuz TMA-13M,,,USA
Peter J. K. Wisoff,1990.0,Retired,8/16/1958,"Norfolk, VA",Male,University of Virginia; Stanford University,,,4,1064,3.0,20.0,"STS-57 (Endeavor), STS-68 (Endeavor), STS-81 (Atlantis), STS-92 (Discovery)",,,USA
David A. Wolf,1990.0,Retired,8/23/1956,"Indianapolis, IN",Male,Purdue University; Indiana University,,,3,4044,7.0,41.0,"STS-58 (Columbia). STS-86 (Atlantis), STS-112 (Atlantis), STS-127 (Endeavor)",,,USA
Neil W. Woodward III ,1998.0,Retired,7/26/1962,"Chicago, IL",Male,MIT; University of Texas-Austin; George Washington University,Commander,US Navy,0,0,0.0,0.0,,,,USA
Alfred M. Worden,1966.0,Retired,2/7/1932,"Jackson, MI",Male,US Military Academy; University of Michigan,Colonel,US Air Force (Retired),1,295,1.0,0.5,Apollo 15,,,USA
John W. Young,1962.0,Retired,9/24/1930,"San Francisco, CA",Male,Georgia Institute of Technology,Captain,US Navy (Retired),6,835,3.0,20.0,"Gemini 3, Gemini 10, Apollo 10, Apollo 16, STS-1 (Columbia), STS-9 (Columbia)",,,USA
George D. Zamka,1998.0,Retired,6/29/1962,"Jersey City, NJ",Male,US Naval Academy; Florida Institute of Technology,Colonel,US Marine Corps (Retired),2,692,0.0,0.0,"STS-120 (Discovery), STS-130 (Endeavor)",,,USA
Sergey Avdeyev,1987.0,Retired,1956-01-01 00:00:00,"Chapayevsk, Samara Oblast",Male, Moscow Physics-Engineering Institute,,,3,17942,10.0,42.0,"Soyuz TM-15, Soyuz TM-22, Soyuz TM-28",,,USSR/Russia
Victor Afanasyev,1988.0,Retired,1948-12-31 00:00:00,Bryansk,Male,Ordzhonikidze Aviation Institute/Kachynskoye Military Pilot School ,Colonel,Russian Air Force,4,13338,7.0,38.0,"Soyuz TM-11, Soyuz TM-18, Soyuz TM-29, Soyuz TM-33",,,USSR/Russia
Vladimir Aksyonov,1973.0,Retired,1935-02-01 00:00:00,"Giblitsy, Kasimovsky District, Ryazan Oblast",Male,Institute of Engineering/Air Force Institute/Polytechnical Institute,Lieutenant colonel,Russian Air Force,2,284,,,"Soyuz 22, Soyuz T-2",,,USSR/Russia
Alexander Alexanderov,1978.0,Retired,1943-02-20 00:00:00,"Moscow, Russia",Male,Bauman Moscow State Technical University ,,,2,7434,,,"Soyuz T-9, Soyuz TM-3",,,USSR/Russia
Anatoly Artsebarsky,1985.0,Retired,1956-09-09 00:00:00,"Prosyana, Ukrainian SSR, Soviet Union",Male,Kharkov Higher Military Aviation School of Pilots/The Russian Presidential Academy of National Economy and Public Administration,Сolonel,Russian Air Force,1,3471,6.0,33.0,Soyuz TM-12,,,USSR/Russia
Yury Artyukhin,1963.0,Deceased,1930-06-22 00:00:00,"Pershutino, Moscow Oblast, Russia",Male,Air Force Institute,Colonel,Russian Air Force,1,137,,,Soyuz 14,4/08/ 1998,,USSR/Russia
Oleg Atkov,1983.0,Retired,1949-05-09 00:00:00,"Khvorostyanka, USSR",Male,Russian Academy of Medical Science/Myasnikov Institute of Clinical Cardiology,,,1,5686,,,Soyuz T-10,,,USSR/Russia
Toktar Aubakirov,1991.0,Retired,1946-07-27 00:00:00,"Karaganda, Kazakh SSR, Soviet Union",Male,the Armavir Military Aviation Institute of the Anti-Air Defence Pilots,Major General,Russian Air Force,1,190,,,Soyuz TM-13,,,USSR/Russia
Oleg Artemyev,2003.0,Active,1970-12-28 00:00:00,"Riga,Latvia",Male,Bauman Moscow State Technical University / the Russian Presidential Academy of National Economy and Public Administration,,,1,4061,2.0,12.0,Soyuz ТМА-12М,,,USSR/Russia
Alexander Balandin,1978.0,Retired,1953-07-30 00:00:00,"Fryazino, Moscow Oblast",Male,Bauman Moscow State Technical University,,,1,4297,2.0,10.0,Soyuz TM-9,,,USSR/Russia
Yury Baturin,1997.0,Retired,1949-06-12 00:00:00," Moscow, Soviet Union",Male, Moscow Institute of Physics and Technology/ Moscow state university,,,2,473,,,"Soyuz TM-28, Soyuz TM-32",,,USSR/Russia
Pavel Belyayev,1960.0,Deceased,26/06/ 1925,"Chelishchevo,Northern Dvina ",Male,,Colonel,Russian Air Force,1,1,,,Voskhod 2,1970-01-10 00:00:00,,USSR/Russia
Georgy Beregovoy,1962.0,Deceased,1921-04-05 00:00:00,"Fedorivka, Poltava Oblast, Soviet Union",Male,Air Force Academy,Lieutenant General,Russian Air Force,1,94,,,Soyuz 3,1995-06-30 00:00:00,,USSR/Russia
Anatoly Berezovoy,1970.0,Retired,11/04/ 1942," Enem, Adyghe Autonomous Oblast,",Male,Kachin Higher Military Aviation School of Pilots,Colonel,Russian Air Force,1,5073,1.0,2.0,Soyuz T-5,,,USSR/Russia
Andrey Borisenko,2003.0,Active,1964-04-17 00:00:00,"Leningrad, Russia",Male,Leningrad Military Mechanical Institute ,,,2,8097,,,"Soyuz TMA-21, Soyuz MS-02",,,USSR/Russia
Nikolay Budarin,1989.0,Retired,1953-04-29 00:00:00,"Kirya, Chuvashia",Male, Moscow Aviation Institute,Hero of the Russian Federation,,3,10657,8.0,44.0,"STS-71 (Atlantis), Soyuz TM-27, STS-113 (Endeavour)",,,USSR/Russia
Valery Bykovsky ,1960.0,Retired,1934-08-02 00:00:00,"Pavlovsky Posad, Soviet Union",Male,,Major General,Russian Air Force,3,497,,,"Vostok 5, Soyuz 22, Soyuz 31",,,USSR/Russia
Vladimir Vasyutin,1978.0,Deceased,1952-03-08 00:00:00,"Kharkiv, Ukrainian SSR",Male,,Lieutenant General,Russian Air Force,1,1557,,,Soyuz T-14,2002-07-19 00:00:00,,USSR/Russia
Alexander Victorenko,1978.0,Retired,1947-03-29 00:00:00,"Olginka, Kazakh SSR",Male,,,,4,13294,6.0,19.0,"Soyuz TM-3, Soyuz TM-8, Soyuz TM-14, Soyuz TM-20",,,USSR/Russia
Pavel Vinogradov,1953.0,Retired,1953-08-31 00:00:00,"Magadan, USSR",Male,Moscow Aviation Institute,Test Cosmonaut,Russian Air Force,3,13126,7.0,38.0,"Soyuz TM-26, Soyuz TMA-8, Soyuz TMA-08M",,,USSR/Russia
Igor Volk,1956.0,Retired,1937-04-12 00:00:00,"Zmiiv, Kharkiv Oblast",Male,Kirovohrad Military Aviation School of Pilots,Colonel,Russian Air Force,1,283,,,Soyuz T-12,2017-01-03 00:00:00,,USSR/Russia
Alexander Volkov ,1978.0,Retired,1948-05-27 00:00:00,"Horlivka, Ukrainian SSR",Male,Kharkov Higher Military Aviation School of Pilots,Colonel,Russian Air Force,3,9395,2.0,10.0,"Soyuz T-14, Soyuz TM-7, Soyuz TM-13",,,USSR/Russia
Sergey Volkov,1997.0,Retired,1973-04-01 00:00:00," Chuhuiv, Ukrainian SSR",Male,Tambov Higher Military Aviation School for pilots named after MM Raskova,Colonel,Russian Air Force,3,13150,4.0,23.0,"Soyuz TMA-12, Soyuz TMA-02M, Soyuz TMA-18M",,,USSR/Russia
Vladislav Volkov ,1966.0,Retired,23/11/ 1935,"Moscow, Soviet Union",Male, Moscow Aviation Institute,Second lieutenant,Russian Air Force,2,689,,,"Soyuz 7, Soyuz 11",1971-06-30 00:00:00,Soyuz 11,USSR/Russia
Boris Volynov ,1960.0,Retired,1934-12-18 00:00:00,"Irkutsk, Russian SFSR",Male, Zhukovsky Air Force Engineering Academy,Colonel,Russian Air Force,2,1255,,,"Soyuz 5, Soyuz 21",,,USSR/Russia
Yury Gagarin,1959.0,Deceased,1934-03-09 00:00:00,"Klushino, Russian SFSR",Male,Chkalov Air Force Pilot's School in Orenburg,Colonel,Russian Air Force,1,1,,,Vostok 1,1968-03-27 00:00:00,,USSR/Russia
Yury Gidzenko,1987.0,Retired,1962-03-26 00:00:00,"Elanets, Mykolaiv Oblast, Ukraine",Male, The Higher Military Pilot School/ Moscow State University of Geodesy and Cartography,,,3,7918,2.0,3.0,"Soyuz TM-22, Soyuz TM-31, Soyuz TM-34",,,USSR/Russia
Yury Glazkov,1965.0,Deceased,1939-10-02 00:00:00,"Moscow, USSR",Male,Kharkov Military Engineering High Schoo,Major General,Russian Air Force,1,425,,,Soyuz 24,2008-12-09 00:00:00,,USSR/Russia
Victor Gorbatko ,1960.0,Deceased,1934-12-03 00:00:00,"Ventsy-Zarya, Krasnodarskii Krai",Male, Zhukovsky Air Force Engineering Academy,Major General,Russian Air Force,3,732,,,"Soyuz 7, Soyuz 24, Soyuz 37",2017-05-17 00:00:00,,USSR/Russia
Georgy Grechko,1966.0,Deceased,1931-05-25 00:00:00,"Moscow, Russia",Male, Leningrad Institute of Mechanics,,,3,3236,1.0,1.0,"Soyuz 17, Soyuz 26, Soyuz T-14",2017-04-08 00:00:00,,USSR/Russia
Alexey Gubarev,1963.0,Deceased,1931-03-29 00:00:00,"Gvardeitsi, Samara Oblast, USSR",Male, Soviet Naval Aviation School,Major General,Russian Naval Air Force,3,899,,,"Soyuz 17, Soyuz 28",2015-02-21 00:00:00,,USSR/Russia
Vladimir Dezhurov,1987.0,Retired,1962-07-30 00:00:00,"Yavas, Mordovia, Soviet Union",Male,S.I. Gritsevits Kharkov Higher Military Aviation School,Lieutenant Colonel,Russian Air Force,2,5861,9.0,37.0,"Soyuz TM-21, STS-105 (Discovery)",,,USSR/Russia
Georgy Dobrovolsky,1963.0,Deceased,1928-06-01 00:00:00,"Odessa, Ukrainian SSR, Soviet Union",Male,The Air Force Academy named after Yu. A. Gagarin,Lieutenant colonel,Russian Air Force,1,570,,,Soyuz 11,1971-06-30 00:00:00,,USSR/Russia
Lev Demin,1963.0,Deceased,1926-01-11 00:00:00,"Moscow, Russia",Male,Soviet Air Force Engineering Academy,Colonel,Russian Air Force,1,48,,,Soyuz 15,1998-12-18 00:00:00,,USSR/Russia
Vladimir Dzhanibekov,1970.0,Retired,1942-05-13 00:00:00,"Skandar, Tashkent Region, Uzbek SSR, Soviet Union",Male,Leningrad University ,Major General,Russian Air Force,5,3495,2.0,9.0,"Soyuz 27, Soyuz 39, Soyuz T-6, Soyuz T-12, Soyuz T-13",,,USSR/Russia
Alexey Yeliseyev,1966.0,Retired,1934-07-13 00:00:00,"Zhizdra, Kaluga region",Male,Bauman Moscow State Technical University,,,3,216,,,"Soyuz 5, Soyuz 8, Soyuz 10",,,USSR/Russia
Boris Egorov,1964.0,Deceased,1937-11-26 00:00:00,"Moscow, Russia",Male,I. M. Sechenov Institute of Evolutionary Physiology and Biochemistry,,,1,24,,,Voshod 1,1994-09-12 00:00:00,,USSR/Russia
Vitaly Zholobov,1963.0,Retired,1937-06-18 00:00:00,"Zburjevka, Ukrainian SSR, Soviet Union",Male,Azerbaijan Institute of Petroleum and Chemistry/,Colonel,Russian Air Force,1,1182,,,Soyuz 21,,,USSR/Russia
Sergey Zalyotin,1990.0,Retired,1962-04-21 00:00:00,"Shchyokino, Russia",Male,Borisoglebsk Higher Military School,Colonel,Russian Air Force,2,2008,,,"Soyuz TM-30, Soyuz TMA-1",,,USSR/Russia
Vyacheslav Zudov,1965.0,Retired,1942-01-08 00:00:00,"Bor, Russia",Male,Balashov Higher Military Aviation School of Pilots,Colonel,Russian Air Force,1,48,,,Soyuz 23,,,USSR/Russia
Anatoli Ivanishin,2003.0,Active,1969-01-15 00:00:00,"Irkutsk, Russian SFSR",Male,Chernigov High Aviation School / Irkutsk Polytechnic Institute/Moscow State University in Economics,Сolonel,Russian Air Force,2,6729,,,"Soyuz TMA-22, Soyuz MS-01",,,USSR/Russia
Alexander Ivanchenkov,1973.0,Retired,1940-09-28 00:00:00,"Ivanteyevka, USSR",Male,Moscow Aviation Institute,,,2,3528,,,"Soyuz 29/31, Soyuz-T-6",,,USSR/Russia
Alexander Kaleri,1984.0,Active,1956-05-13 00:00:00,"Jūrmala, Latvian SSR, Soviet Union",Male,Moscow Institute of Physics and Technology,,,5,18456,5.0,23.0,"Soyuz TM-14, Soyuz TM-24, Soyuz TM-30, Soyuz TMA-3, Soyuz TMA-01M",,,USSR/Russia
Leonid Kizim,1965.0,Deceased,1941-08-05 00:00:00,"Lyman, Ukraine",Male,Chernigov High Aviation School ,Colonel General,Russian Air Force,3,8976,,,"Soyuz T-3, Soyuz T-10, Soyuz T-15",2010-06-14 00:00:00,,USSR/Russia
Pyotr Klimuk,1964.0,Retired,1942-07-10 00:00:00,"Kamaroŭka, USSR",Male,Chernigov High Aviation School ,Colonel General,Russian Air Force,3,1890,,,"Soyuz 13, Soyuz 18, Soyuz 30",,,USSR/Russia
Vladimir Kovalyonok,1967.0,Retired,1942-03-03 00:00:00,"Beloye, Minsk Oblast,
Byelorussian SSR",Male,Balashov Higher Military Aviation School of Pilots,Colonel General,Russian Air Force,3,5193,,,"Soyuz 25, Soyuz 29, Soyuz T-4",,,USSR/Russia
Konstantin Kozeyev,1996.0,Retired,1967-12-01 00:00:00,"Korolyov, Russia",Male,Moscow Aviation Technology Institute,,,1,236,,,Soyuz TM-33,,,USSR/Russia
Vladimir Komarov,1961.0,Deceased,1927-03-16 00:00:00,"Moscow, Russia",Male,Krasnodar Higher Military Aviation School of Pilots,Сolonel,Russian Air Force,2,51,,,"Voskhod 1, Soyuz 1",1967-04-24 00:00:00,,USSR/Russia
Yelena Kondakova,1989.0,Retired,1957-03-30 00:00:00,"Mytishchi, Russia",Female,,,,1,4272,,,"Soyuz TM-20, STS-84 (Atlantis)",,,USSR/Russia
Dmitri Kondratyev,1997.0,Retired,1969-05-25 00:00:00,"Irkutsk, Russian SFSR",Male, Moscow State University for Economy/Yury A. Gagarin Air Force Academy,Сolonel,Russian Air Force,1,3823,2.0,10.0,Soyuz TMA-20,,,USSR/Russia
Oleg Kononenko,1996.0,Active,1964-06-21 00:00:00,"Chardzhou, Turkmen SSR",Male,N. E. Zhukovskiy Aviation Institute,,,3,533,3.0,18.0,"Soyuz TMA-12, Soyuz TMA-03M, Soyuz TMA-17M",,,USSR/Russia
Valery Korzun,1992.0,Retired,1953-03-05 00:00:00,"Krasny Sulin, Rostov Oblast",Male,Kachinsk higher military aviation pilot school/Gagarin Military Aviation Academy,Major General,Russian Air Force,2,9159,4.0,22.0,"Soyuz TM-24, STS-111 (Endeavour)",,,USSR/Russia
Mikhail Korniyenko,1998.0,Active,1960-04-05 00:00:00,"Syzran, Kuibyshev (Samara) Region, Russia",Male,Moscow Aviation Institute,,,2,12394,2.0,12.0,"Soyuz TMA-18, Soyuz TMA-16M",,,USSR/Russia
Oleg Kotov,1996.0,Retired,1965-10-27 00:00:00,"Simferopol, Ukrainian SSR, Soviet Union",Male,Kirov Military Medical Academy,Lieutenant Colonel,Russian Air Force,3,12629,6.0,37.0,"Soyuz TMA-10, Soyuz TMA-17, Soyuz TMA-10M",,,USSR/Russia
Sergey Krikalev,1985.0,Retired,1958-08-27 00:00:00,"Leningrad, Soviet Union",Male,Baltic State Technical University,Major,Russian Air Force,6,19281,8.0,41.0,"Soyuz TM-7, Soyuz TM-12, STS-60, STS-88 (Endeavour), Soyuz TM-31, Soyuz TMA-6",,,USSR/Russia
Valery Kubasov,1966.0,Deceased,1935-01-07 00:00:00,"Vyazniki, Ivanovo Industrial Oblast, RSFSR, USSR",Male,Moscow Aviation Institute,,,3,449,,,"Soyuz 6, Soyuz 19, Soyuz 36",2014-02-19 00:00:00,,USSR/Russia
Alexander Laveykin,1978.0,Retired,1951-04-21 00:00:00,"Moscow, Soviet Union",Male,Bauman Moscow State Technical University,,,1,4179,3.0,8.0,Soyuz TM-2,,,USSR/Russia
Vasily Lazarev,1964.0,Deceased,1928-02-23 00:00:00,"Poroshino, Altai Krai, Soviet Union",Male,Saratov Medical Institute,Colonel,Russian Air Force,2,2,,,"Soyuz 12, Soyuz 18a",1990-12-31 00:00:00,,USSR/Russia
Alexander Lazutkin,1992.0,Retired,1957-10-30 00:00:00,"Moscow, Russia",Male,Moscow Aviation Institute,Lieutenant,Russian Air Force,1,4438,,,	Soyuz TM-25,,,USSR/Russia
Valentin Lebedev,1965.0,Retired,1942-04-14 00:00:00,"Moscow, Russia",Male,Moscow Aviation Institute,,,2,5261,,,"Soyuz 13, Soyuz T-5",,,USSR/Russia
Anatoli Levchenko,1988.0,Deceased,1941-05-05 00:00:00,"Krasnokutsk, Ukrainian SSR, Soviet Union",Male,Chernigov High Aviation School ,Captain,Russian Air Force,1,192,,,Soyuz TM-4,1988-08-06 00:00:00,,USSR/Russia
Alexey Leonov,1960.0,Retired,1934-05-30 00:00:00,"Listvyanka, West Siberian Krai, Russian SFSR, Soviet Union",Male,Chuguev Military Aviation School of Pilots,Major General,Russian Air Force,2,168,1.0,0.5,"Voskhod 2, Soyuz 19",,,USSR/Russia
Yury Lonchakov,1997.0,Retired,1965-03-04 00:00:00,"Balqash, Kazakh SSR",Male,Orenburg Air Force Pilot School/Zhukovski Air Force Academy,Colonel,Russian Air Force,3,4818,2.0,10.0,"STS-100, Soyuz TMA-1/TM-34, Soyuz TMA-13 (Expedition 18)",,,USSR/Russia
Vladimir Lyakhov,1985.0,Retired,1941-07-20 00:00:00,"Antratsyt, Luhansk Oblast, Ukrainian SSR, USSR",Male,The Air Force Academy named after Yu. A. Gagarin,Lieutenant General,Russian Air Force,3,8000,,,"Soyuz 32, Soyuz T-9, Soyuz TM-6",,,USSR/Russia
Oleg Makarov,1966.0,Deceased,1933-01-06 00:00:00,"Udomlya, Russia",Male,Bauman Moscow Higher Technical School ,,,4,497,,,"Soyuz 12, Soyuz 18a, Soyuz 27, Soyuz T-3",2003-05-28 00:00:00,,USSR/Russia
Yury Malenchenko,1987.0,Retired,1961-12-22 00:00:00,"Svitlovodsk, Ukraine",Male,Kharkov Higher Military Aviation School of Pilots named. S.I. Gritsevets,Colonel,Russian Air Force,6,19857,6.0,35.0,"Soyuz TM-19, STS-106 (Atlantis), Soyuz TMA-2, Soyuz TMA-11, Soyuz TMA-05M, Soyuz TMA-19M",,,USSR/Russia
Yury Malyshev,1967.0,Retired,1941-08-27 00:00:00,"Nikolayevsk, Volgograd Oblast, USSR",Male,Kharkov Higher Military Aviation School of Pilots ,Colonel,Russian Air Force,2,288,,,"Soyuz T-2, Soyuz T-11",1999-11-08 00:00:00,,USSR/Russia
Gennady Manakov,1985.0,Retired,1950-06-01 00:00:00,"Yefimovka, Russia",Male,Kuibyshev Aviation Institute,Colonel,Russian Air Force,2,7437,,,"Soyuz TM-10, Soyuz TM-16",,,USSR/Russia
Musa Manarov,1978.0,Retired,1951-03-22 00:00:00,"Baku, Azerbaijan SSR",Male,Moscow Aviation Institute,Colonel,Russian Air Force,2,12984,,,"Soyuz TM-4, Soyuz TM-11",,,USSR/Russia
Alexander Misurkin,2006.0,Active,1977-09-23 00:00:00,"Yershichi, Smolensk Oblast, Russia",Male,Armavir Military Aviation Institute,Major,Russian Air Force,2,3984,3.0,20.0,"Soyuz TMA-08M, Soyuz MS-06",,,USSR/Russia
Boris Morukov,1989.0,Deceased,1950-10-01 00:00:00,"Moscow, Russia",Male,Sechenov University ,,,1,283,,,STS-106 (Atlantis),2015-01-01 00:00:00,,USSR/Russia
Talgat Musabayev,1990.0,Retired,1951-01-07 00:00:00,"Kargaly, Kazakhstan ",Male,Engineering Institute of Civil Aviation in Riga,Major General,Russian Air Force,3,8194,7.0,41.0,"Soyuz TM-19, Soyuz TM-27, Soyuz TM-32",,,USSR/Russia
Andriyan Nikolayev,1960.0,Deceased,1929-09-05 00:00:00,"Shorshely, Russian SFSR, Soviet Union",Male,Chernigov High Aviation School ,Major General,Russian Air Force,2,519,,,"Vostok 3, Soyuz 9",2004-07-03 00:00:00,,USSR/Russia
Oleg Novitskiy,2006.0,Active,1971-10-12 00:00:00,"Cherven, Minsk Voblast, Belarus",Male,Kachinskoye Military Pilot School named after A. Myasnikov/ Yury Gagarin Air Force Academy,Lieutenant Colonel,Russian Air Force,2,8170,,,"Soyuz TMA-06M, Soyuz MS-03",,,USSR/Russia
Aleksey Ovchinin,2006.0,Active,1971-09-28 00:00:00,"Rybinsk, Yaroslavl Oblast, Russian SFSR",Male,Yeysk Military Aviation College,Lieutenant Colonel,Russian Air Force,1,4131,,,	Soyuz TMA-20M,,,USSR/Russia
Yury Onufriyenko,1989.0,Retired,1961-02-06 00:00:00,"Ryasne, Ukraine, Soviet Union",Male,Yeysk Military Aviation College/ Moscow State University,Colonel,Russian Air Force,2,9351,8.0,43.0,"Soyuz TM-23, STS-108 (Endeavour)",,,USSR/Russia
Gennady Padalka,1989.0,Retired,1958-06-21 00:00:00,"Krasnodar, Russia",Male,Yeysk Military Aviation College,Colonel,Russian Air Force,5,21083,10.0,39.0,"Soyuz TM-28, Soyuz TMA-4, Soyuz TMA-14, Soyuz TMA-04M, Soyuz TMA-16M",,,USSR/Russia
Victor Patsayev,1968.0,Deceased,1933-06-19 00:00:00,"Aktyubinsk, Kazakh SSR, Soviet Union",Male,Penza Industrial Institute,,,1,570,,,Soyuz 11,1971-06-30 00:00:00,Soyuz 11,USSR/Russia
Alexander Poleshchuk,1989.0,Retired,1953-10-30 00:00:00,"Cheremkhovo, Russia",Male,Moscow Aviation Institute,Captain,Russian Air Force,1,4297,2.0,10.0,Soyuz TM-16,,,USSR/Russia
Valery Polyakov,1972.0,Retired,1942-04-27 00:00:00,"Tula, Tula Oblast, Russia",Male,Sechenov University,Lieutenant Colonel,Russian Air Force,2,16288,,,"Soyuz TM-6,Soyuz TM-18",,,USSR/Russia
Leonid Popov,1970.0,Retired,1945-08-31 00:00:00,"Oleksandriia, Ukraine",Male,Chernigov High Aviation School ,Major General,Russian Air Force,3,4815,,,"Soyuz 35, Soyuz 40, Soyuz T-7",,,USSR/Russia
Pavel Popovich,1960.0,Retired,1930-10-05 00:00:00,"Uzyn, Ukraine)",Male,Air Force Engineering Academy named after Zhukovsky,Major General,Russian Air Force,2,448,,,"Vostok 4, Soyuz 14",2009-09-29 00:00:00,,USSR/Russia
Sergey Revin,1996.0,Retired,1966-12-12 00:00:00,"Moscow, Russia",Male,Moscow Institute of Electronic Technology,Lieutenant Colonel,Russian Air Force,1,3000,,,Soyuz TMA-04M,,,USSR/Russia
Valery Rozhdestvensky,1965.0,Deceased,1939-02-13 00:00:00,"St.Petersburg, Russia",Male,Higher Military Engineering School ,,,1,48,,,Soyuz 23,2011-08-31 00:00:00,,USSR/Russia
Roman Romanenko,1997.0,Retired,1971-08-09 00:00:00,"Shchyolkovo, Russia",Male,Chernigov High Air Force School,Major,Russian Air Force,2,8003,1.0,7.0,"Soyuz TMA-15, Soyuz TMA-07M",,,USSR/Russia
Yury Romanenko,1970.0,Retired,1944-08-01 00:00:00,"Orenburg, Russia",Male,Chernigov High Air Force School,Colonel,Russian Air Force,3,10338,4.0,10.0,"Soyuz 26, Soyuz 38, Soyuz TM-2",,,USSR/Russia
Nikolay Rukavishnikov,1967.0,Deceased,1932-09-18 00:00:00,"Tomsk, Russia",Male,Moscow Engineering and Physics Institute,,,3,237,,,"Soyuz 10, Soyuz 16, Soyuz 33",2002-10-19 00:00:00,,USSR/Russia
Sergey Ryzhikov,2006.0,Retired,1974-08-19 00:00:00,"Bugulma, Tatarstan",Male,Orenburg Higher Military Aviation Red Banner School of Pilots named after I.S. Polbina,Lieutenant Colonel,Russian Air Force,1,173,,,Soyuz MS-02,,,USSR/Russia
Valery Ryumin,1973.0,Retired,1939-08-16 00:00:00,"Komsomolsk-on-Amur, Russia",Male, Moscow Forestry Engineering Institute,Lieutenant Colonel,Russian Air Force,4,9292,1.0,1.0,"Soyuz 25, Soyuz 32, Soyuz 35, STS-91 (Discovery)",,,USSR/Russia
Sergey Ryazansky,2003.0,Active,1974-11-13 00:00:00,"Moscow, Russia",Male, Moscow State University ,,,2,7318,4.0,28.0,"Soyuz TMA-10M, Soyuz MS-05",,,USSR/Russia
Victor Savinykh,1978.0,Retired,1940-03-07 00:00:00,"Berezkiny, Kirov Oblast, Russia",Male,"Moscow Institute of Engineers in Geodesy, Aerophotography and Cartography",,,3,6066,,,"Soyuz T-4, Soyuz T-13, Soyuz TM-5",,,USSR/Russia
Svetlana Savitskaya,1980.0,Retired,1948-08-08 00:00:00,"Moscow, Russia",Female,Moscow Aviation Institute,,,2,473,1.0,4.0,"Soyuz T-7, Soyuz T-12",,,USSR/Russia
Alexander Samokutyayev,2003.0,Retired,1970-03-13 00:00:00,"Penza, Russia",Male,Penza politechnical institute/Chernigov High Air Force School,Colonel,Russian Air Force,2,7955,2.0,10.0,"Soyuz TMA-21, Soyuz TMA-14M",,,USSR/Russia
Gennady Sarafanov,1965.0,Deceased,1942-01-01 00:00:00,"Sinenkie, Saratov Oblast, Russia",Male, Soviet Air Force academy,Colonel,Russian Air Force,1,48,,,Soyuz 15,2005-09-29 00:00:00,,USSR/Russia
Vitaly Sevastyanov,1968.0,Deceased,1935-07-08 00:00:00,"Krasnouralsk,Russia",Male,Moscow Aviation Institute ,Colonel,Russian Air Force,2,1936,,,"Soyuz 9, Soyuz 18",2010-04-05 00:00:00,,USSR/Russia
Alexander Serebrov,1978.0,Deceased,1944-02-15 00:00:00,"Moscow, Russia",Male,Moscow Institute of Physics and Technology,,,4,8951,10.0,32.0,"Soyuz T-7, Soyuz T-8, Soyuz TM-8, Soyuz TM-17",2013-11-12 00:00:00,,USSR/Russia
Yelena Serova,2006.0,Active,1976-04-22 00:00:00,"Vozdvizhenka, Primorsky Krai, Russia",Female, Moscow Aviation Institute,,,1,4008,,,Soyuz TMA-14M,,,USSR/Russia
"Alexander Skvortsov, Mikhail Korniyenko, Tracy E. Caldwell Dyson",1997.0,Active,1966-05-06 00:00:00,"Schelkovo, Moscow Oblast, Russia",Male,Stavropol Air Force Pilot and Navigator School,Colonel,Russian Air Force,2,8286,2.0,13.0,"Soyuz TMA-18, Soyuz TMA-12M",,,USSR/Russia
Oleg Skripochka,1997.0,Active,1969-12-24 00:00:00,"Nevinnomyssk, Stavropol Krai, Russia",Male,Bauman Moscow State Technical University ,,,2,7956,3.0,17.0,"Soyuz TMA-01M, Soyuz TMA-20M",,,USSR/Russia
Anatoly Solovyev,1976.0,Retired,1948-01-16 00:00:00,"Riga, Latvia",Male,Chernigov High Air Force School,Colonel,Russian Air Force,5,15624,16.0,82.0,"Soyuz TM-5, Soyuz TM-9, Soyuz TM-15, STS-71 (Atlantis), Soyuz TM-26",,,USSR/Russia
Vladimir Solovyov,1978.0,Retired,1946-11-11 00:00:00,"Moscow, Russia",Male,Bauman Moscow State Technical University ,,,2,8687,8.0,31.0,"Soyuz T-10, Soyuz T-15",,,USSR/Russia
Gennady Strekalov,1973.0,Deceased,1940-10-26 00:00:00,"Mytishchi, Russia",Male,Bauman Moscow State Technical University ,,,5,6454,3.0,13.0,"Soyuz T-3, Soyuz T-8, Soyuz T-10-1, Soyuz T-11, Soyuz TM-10, Soyuz TM-21",2004-12-25 00:00:00,,USSR/Russia
Maksim Surayev,1997.0,Retired,1972-05-24 00:00:00,"Chelyabinsk, Russia",Male,Kacha Air Force Pilot School/Russian Academy of Civil Service,Colonel,Russian Air Force,2,8028,2.0,9.0,"Soyuz TMA-16, Soyuz TMA-13M",,,USSR/Russia
Evgeny Tarelkin,2003.0,Retired,1974-12-29 00:00:00,"Chita Oblast, Russia",Male,Yeysk Air Force School/Gagarin Air Force Academy ,Capitan,Russian Air Force,1,3448,,,Soyuz TMA-06M,,,USSR/Russia
Valentina Tereshkova,1962.0,Retired,1937-03-06 00:00:00,"Bolshoye Maslennikovo, Yaroslavl Oblast, Russia",Female,Yaroslavl technical college of light industry,Major General,Russian Air Force,1,72,,,Vostok 6,,,USSR/Russia
Gherman Titov,1960.0,Deceased,1935-09-11 00:00:00,"Verkhneye Zhilino, West Siberian Krai, Russia",Male,Stalingrad Military Aviation School,General Colonel,Russian Air Force,1,25,,,Vostok 2,2000-09-20 00:00:00,,USSR/Russia
Vladimir Titov,1976.0,Retired,1947-01-01 00:00:00,"Sretensk, Chita Oblast, Russia",Male,Gagarin Air Force Academy,Colonel,Russian Air Force,4,9072,4.0,19.0,"Soyuz T-8, Soyuz T-10-1, Soyuz TM-4, STS-86 (Atlantis)",,,USSR/Russia
Valery Tokarev,1989.0,Retired,1952-10-29 00:00:00,"Kapustin Yar, Astrakhan Oblast, Russia",Male, Stavropol Higher Military Aviation School for Pilots and Navigators,Colonel,Russian Air Force,2,4791,2.0,11.0,"STS-96 (Discovery), Soyuz TMA-7",,,USSR/Russia
Sergey Treshchov,1992.0,Retired,1958-08-18 00:00:00,"Krasnuy Kustar, Lipetsk Oblast, Russia",Male,Moscow Power Institute ,,,1,4438,1.0,5.0,STS-111 (Endeavour),,,USSR/Russia
Mikhail TYuryn,1994.0,Retired,1960-03-02 00:00:00,"Kolomna, Russia",Male,Moscow Aviation Institute ,,,3,12771,4.0,17.0,"STS-105 (Discovery), Soyuz TMA-9 , Soyuz TMA-11M",,,USSR/Russia
Yury Usachyev,1989.0,Retired,1957-10-09 00:00:00,"Donetsk, Rostov Oblast, Russia",Male,Moscow Aviation Institute ,Lieutenant,Russian Air Force,4,13270,7.0,29.0,"Soyuz TM-18, Soyuz TM-23, STS-101 (Atlantis), STS-102 (Discovery)",,,USSR/Russia
Konstantin Feoktistov,1964.0,Deceased,1926-02-07 00:00:00,"Voronezh, Russia",Male,Bauman Moscow State Technical University ,,,1,24,,,Voskhod 1,2009-11-21 00:00:00,,USSR/Russia
Anatoly Filipchenko,1963.0,Retired,1928-02-26 00:00:00,"Davydovka, Russia",Male,Chuguev Military Aviation School of Pilots,Major General,Russian Air Force,2,261,,,Soyuz 7 Soyuz 16,,,USSR/Russia
Yevgeny Khrunov,1960.0,Deceased,1933-09-10 00:00:00,"Tula, Russia",Male,Serov Higher Air Force School,Colonel,Russian Air Force,1,48,,,Soyuz 5,2000-05-20 00:00:00,,USSR/Russia
Vasily Tsiblyev,1987.0,Retired,1954-02-20 00:00:00,"Orekhovka, Crimea, Ukraine",Male,Kharkov Higher Military Aviation School of Pilots ,Lieutenant General,Russian Air Force,2,9160,,,"Soyuz TM-17, Soyuz TM-25",,,USSR/Russia
Yury Shargin,1996.0,Retired,1960-03-20 00:00:00,"Engels, Russia",Male,Military Engineering Academy for Aeronautics and Astronautics,Lieutenant Colonel,Russian Air Force,1,237,,,Soyuz TMA-5,,,USSR/Russia
Salizhan Sharipov,1990.0,Retired,1964-08-24 00:00:00,"Uzgen, Osh oblast, Kyrgyztan",Male,Moscow State University ,Colonel,Russian Air Force,2,4839,2.0,11.0,"STS-89 (Endeavour), Soyuz TMA-5",,,USSR/Russia
Vladimir Shatalov,1963.0,Retired,1927-12-08 00:00:00,"Petropavlovsk, Kazakhstan",Male,Kacha Air Force Pilot School,Lieutenant General,Russian Air Force,3,238,,,"Soyuz 4, Soyuz 8, Soyuz 10",,,USSR/Russia
Anton Shkaplerov,2003.0,Active,1972-02-20 00:00:00,"Sevastopol, Ukraine",Male,N. E. Zhukovskiy Aviation Institute,Colonel,Russian Air Force,3,8760,1.0,6.0,"Soyuz TMA-22, Soyuz TMA-15M, Soyuz MS-07",,,USSR/Russia
Georgy Shonin,1960.0,Deceased,1935-08-03 00:00:00,"Rovenky, Ukraine",,N. E. Zhukovskiy Aviation Institute,Lieutenant General,Russian Air Force,1,119,,,Soyuz 6,1997-04-07 00:00:00,,USSR/Russia
Fyodor Yurchikhin,1997.0,Active,1959-01-03 00:00:00,"Batumi, Adjar ASSR, Georgia",,Moscow Aviation Institute ,,,5,16149,9.0,59.0,"STS-112 (Atlantis), Soyuz TMA-10, Soyuz TMA-19, Soyuz TMA-09M, Soyuz MS-04",,,USSR/Russia
